-------------------------------------------
Batch: 0
-------------------------------------------
+------+---------+---------------+---------------+
|window|sensor_id|avg_temperature|avg_air_quality|
+------+---------+---------------+---------------+
+------+---------+---------------+---------------+

-------------------------------------------
Batch: 1
-------------------------------------------
+------------------------------------------+-------------+---------------+---------------+
|window                                    |sensor_id    |avg_temperature|avg_air_quality|
+------------------------------------------+-------------+---------------+---------------+
|{2026-08-16 23:16:00, 2026-08-16 23:17:00}|sensor_zona_2|16.46          |23.0           |
|{2026-08-16 23:16:00, 2026-08-16 23:17:00}|sensor_zona_1|28.02          |125.0          |
|{2026-08-16 23:16:00, 2026-08-16 23:17:00}|sensor_zona_4|26.04          |84.0           |
|{2026-08-16 23:16:00, 2026-08-16 23:17:00}|sensor_zona_5|32.275         |62.5           |
+------------------------------------------+-------------+---------------+---------------+

-------------------------------------------
Batch: 2
-------------------------------------------
+------------------------------------------+-------------+------------------+---------------+
|window                                    |sensor_id    |avg_temperature   |avg_air_quality|
+------------------------------------------+-------------+------------------+---------------+
|{2026-08-16 23:16:00, 2026-08-16 23:17:00}|sensor_zona_2|16.46             |23.0           |
|{2026-08-16 23:16:00, 2026-08-16 23:17:00}|sensor_zona_1|27.133333333333336|88.5           |
|{2026-08-16 23:16:00, 2026-08-16 23:17:00}|sensor_zona_4|27.535            |61.0           |
|{2026-08-16 23:16:00, 2026-08-16 23:17:00}|sensor_zona_5|34.07333333333333 |55.0           |
+------------------------------------------+-------------+------------------+---------------+

-------------------------------------------
Batch: 3
-------------------------------------------
+------------------------------------------+-------------+------------------+---------------+
|window                                    |sensor_id    |avg_temperature   |avg_air_quality|
+------------------------------------------+-------------+------------------+---------------+
|{2026-08-16 23:16:00, 2026-08-16 23:17:00}|sensor_zona_2|19.1              |47.0           |
|{2026-08-16 23:16:00, 2026-08-16 23:17:00}|sensor_zona_1|27.133333333333336|88.5           |
|{2026-08-16 23:16:00, 2026-08-16 23:17:00}|sensor_zona_3|34.66             |132.0          |
|{2026-08-16 23:16:00, 2026-08-16 23:17:00}|sensor_zona_4|29.119999999999997|60.4           |
|{2026-08-16 23:16:00, 2026-08-16 23:17:00}|sensor_zona_5|33.0875           |65.25          |
+------------------------------------------+-------------+------------------+---------------+

-------------------------------------------
Batch: 4
-------------------------------------------
+------------------------------------------+-------------+------------------+------------------+
|window                                    |sensor_id    |avg_temperature   |avg_air_quality   |
+------------------------------------------+-------------+------------------+------------------+
|{2026-08-16 23:16:00, 2026-08-16 23:17:00}|sensor_zona_2|22.105            |88.25             |
|{2026-08-16 23:16:00, 2026-08-16 23:17:00}|sensor_zona_1|27.133333333333336|88.5              |
|{2026-08-16 23:16:00, 2026-08-16 23:17:00}|sensor_zona_3|34.66             |132.0             |
|{2026-08-16 23:16:00, 2026-08-16 23:17:00}|sensor_zona_4|28.996666666666666|56.833333333333336|
|{2026-08-16 23:16:00, 2026-08-16 23:17:00}|sensor_zona_5|31.663999999999998|67.4              |
+------------------------------------------+-------------+------------------+------------------+

-------------------------------------------
Batch: 5
-------------------------------------------
+------------------------------------------+-------------+------------------+------------------+
|window                                    |sensor_id    |avg_temperature   |avg_air_quality   |
+------------------------------------------+-------------+------------------+------------------+
|{2026-08-16 23:16:00, 2026-08-16 23:17:00}|sensor_zona_2|22.948333333333334|81.0              |
|{2026-08-16 23:16:00, 2026-08-16 23:17:00}|sensor_zona_1|27.133333333333336|88.5              |
|{2026-08-16 23:16:00, 2026-08-16 23:17:00}|sensor_zona_3|32.345            |84.0              |
|{2026-08-16 23:16:00, 2026-08-16 23:17:00}|sensor_zona_4|29.798571428571424|62.285714285714285|
|{2026-08-16 23:16:00, 2026-08-16 23:17:00}|sensor_zona_5|31.663999999999998|67.4              |
+------------------------------------------+-------------+------------------+------------------+

-------------------------------------------
Batch: 6
-------------------------------------------
+------------------------------------------+-------------+------------------+---------------+
|window                                    |sensor_id    |avg_temperature   |avg_air_quality|
+------------------------------------------+-------------+------------------+---------------+
|{2026-08-16 23:16:00, 2026-08-16 23:17:00}|sensor_zona_2|22.948333333333334|81.0           |
|{2026-08-16 23:16:00, 2026-08-16 23:17:00}|sensor_zona_1|26.087500000000002|91.625         |
|{2026-08-16 23:16:00, 2026-08-16 23:17:00}|sensor_zona_3|32.345            |84.0           |
|{2026-08-16 23:16:00, 2026-08-16 23:17:00}|sensor_zona_4|28.492499999999996|70.0           |
|{2026-08-16 23:16:00, 2026-08-16 23:17:00}|sensor_zona_5|31.663999999999998|67.4           |
+------------------------------------------+-------------+------------------+---------------+

-------------------------------------------
Batch: 7
-------------------------------------------
+------------------------------------------+-------------+------------------+---------------+
|window                                    |sensor_id    |avg_temperature   |avg_air_quality|
+------------------------------------------+-------------+------------------+---------------+
|{2026-08-16 23:16:00, 2026-08-16 23:17:00}|sensor_zona_2|22.948333333333334|81.0           |
|{2026-08-16 23:16:00, 2026-08-16 23:17:00}|sensor_zona_1|26.087500000000002|91.625         |
|{2026-08-16 23:16:00, 2026-08-16 23:17:00}|sensor_zona_3|28.945            |75.75          |
|{2026-08-16 23:16:00, 2026-08-16 23:17:00}|sensor_zona_4|28.492499999999996|70.0           |
|{2026-08-16 23:16:00, 2026-08-16 23:17:00}|sensor_zona_5|30.03             |76.0           |
+------------------------------------------+-------------+------------------+---------------+

-------------------------------------------
Batch: 8
-------------------------------------------
+------------------------------------------+-------------+------------------+-----------------+
|window                                    |sensor_id    |avg_temperature   |avg_air_quality  |
+------------------------------------------+-------------+------------------+-----------------+
|{2026-08-16 23:16:00, 2026-08-16 23:17:00}|sensor_zona_2|22.948333333333334|81.0             |
|{2026-08-16 23:16:00, 2026-08-16 23:17:00}|sensor_zona_1|27.317777777777778|97.0             |
|{2026-08-16 23:16:00, 2026-08-16 23:17:00}|sensor_zona_3|29.106            |69.6             |
|{2026-08-16 23:16:00, 2026-08-16 23:17:00}|sensor_zona_4|28.492499999999996|70.0             |
|{2026-08-16 23:16:00, 2026-08-16 23:17:00}|sensor_zona_5|29.020000000000003|79.14285714285714|
+------------------------------------------+-------------+------------------+-----------------+

-------------------------------------------
Batch: 9
-------------------------------------------
+------------------------------------------+-------------+------------------+-----------------+
|window                                    |sensor_id    |avg_temperature   |avg_air_quality  |
+------------------------------------------+-------------+------------------+-----------------+
|{2026-08-16 23:16:00, 2026-08-16 23:17:00}|sensor_zona_2|22.948333333333334|81.0             |
|{2026-08-16 23:16:00, 2026-08-16 23:17:00}|sensor_zona_1|27.317777777777778|97.0             |
|{2026-08-16 23:16:00, 2026-08-16 23:17:00}|sensor_zona_3|28.570000000000004|79.66666666666667|
|{2026-08-16 23:16:00, 2026-08-16 23:17:00}|sensor_zona_4|28.492499999999996|70.0             |
|{2026-08-16 23:16:00, 2026-08-16 23:17:00}|sensor_zona_5|28.326999999999998|74.2             |
+------------------------------------------+-------------+------------------+-----------------+

-------------------------------------------
Batch: 10
-------------------------------------------
+------------------------------------------+-------------+------------------+-----------------+
|window                                    |sensor_id    |avg_temperature   |avg_air_quality  |
+------------------------------------------+-------------+------------------+-----------------+
|{2026-08-16 23:16:00, 2026-08-16 23:17:00}|sensor_zona_2|25.346249999999998|87.625           |
|{2026-08-16 23:16:00, 2026-08-16 23:17:00}|sensor_zona_1|27.645454545454548|96.0             |
|{2026-08-16 23:16:00, 2026-08-16 23:17:00}|sensor_zona_3|28.570000000000004|79.66666666666667|
|{2026-08-16 23:16:00, 2026-08-16 23:17:00}|sensor_zona_4|28.492499999999996|70.0             |
|{2026-08-16 23:16:00, 2026-08-16 23:17:00}|sensor_zona_5|28.326999999999998|74.2             |
+------------------------------------------+-------------+------------------+-----------------+

-------------------------------------------
Batch: 11
-------------------------------------------
+------------------------------------------+-------------+------------------+-----------------+
|window                                    |sensor_id    |avg_temperature   |avg_air_quality  |
+------------------------------------------+-------------+------------------+-----------------+
|{2026-08-16 23:16:00, 2026-08-16 23:17:00}|sensor_zona_2|25.346249999999998|87.625           |
|{2026-08-16 23:16:00, 2026-08-16 23:17:00}|sensor_zona_1|27.645454545454548|96.0             |
|{2026-08-16 23:16:00, 2026-08-16 23:17:00}|sensor_zona_3|28.570000000000004|79.66666666666667|
|{2026-08-16 23:16:00, 2026-08-16 23:17:00}|sensor_zona_4|27.735999999999997|75.9             |
|{2026-08-16 23:16:00, 2026-08-16 23:17:00}|sensor_zona_5|28.05363636363636 |72.45454545454545|
+------------------------------------------+-------------+------------------+-----------------+

-------------------------------------------
Batch: 12
-------------------------------------------
+------------------------------------------+-------------+------------------+-----------------+
|window                                    |sensor_id    |avg_temperature   |avg_air_quality  |
+------------------------------------------+-------------+------------------+-----------------+
|{2026-08-16 23:16:00, 2026-08-16 23:17:00}|sensor_zona_2|25.346249999999998|87.625           |
|{2026-08-16 23:16:00, 2026-08-16 23:17:00}|sensor_zona_1|27.590000000000003|94.66666666666667|
|{2026-08-16 23:16:00, 2026-08-16 23:17:00}|sensor_zona_3|28.570000000000004|79.66666666666667|
|{2026-08-16 23:16:00, 2026-08-16 23:17:00}|sensor_zona_4|27.735999999999997|75.9             |
|{2026-08-16 23:16:00, 2026-08-16 23:17:00}|sensor_zona_5|27.341538461538455|72.3076923076923 |
+------------------------------------------+-------------+------------------+-----------------+

-------------------------------------------
Batch: 13
-------------------------------------------
+------------------------------------------+-------------+------------------+-----------------+
|window                                    |sensor_id    |avg_temperature   |avg_air_quality  |
+------------------------------------------+-------------+------------------+-----------------+
|{2026-08-16 23:16:00, 2026-08-16 23:17:00}|sensor_zona_2|25.346249999999998|87.625           |
|{2026-08-16 23:16:00, 2026-08-16 23:17:00}|sensor_zona_1|27.560769230769232|94.15384615384616|
|{2026-08-16 23:16:00, 2026-08-16 23:17:00}|sensor_zona_3|29.177142857142858|86.28571428571429|
|{2026-08-16 23:16:00, 2026-08-16 23:17:00}|sensor_zona_4|27.78833333333333 |81.91666666666667|
|{2026-08-16 23:16:00, 2026-08-16 23:17:00}|sensor_zona_5|27.341538461538455|72.3076923076923 |
+------------------------------------------+-------------+------------------+-----------------+

-------------------------------------------
Batch: 14
-------------------------------------------
+------------------------------------------+-------------+------------------+-----------------+
|window                                    |sensor_id    |avg_temperature   |avg_air_quality  |
+------------------------------------------+-------------+------------------+-----------------+
|{2026-08-16 23:16:00, 2026-08-16 23:17:00}|sensor_zona_2|25.346249999999998|87.625           |
|{2026-08-16 23:16:00, 2026-08-16 23:17:00}|sensor_zona_1|28.023333333333333|94.6             |
|{2026-08-16 23:16:00, 2026-08-16 23:17:00}|sensor_zona_3|29.177142857142858|86.28571428571429|
|{2026-08-16 23:16:00, 2026-08-16 23:17:00}|sensor_zona_4|28.506923076923076|77.38461538461539|
|{2026-08-16 23:16:00, 2026-08-16 23:17:00}|sensor_zona_5|27.341538461538455|72.3076923076923 |
+------------------------------------------+-------------+------------------+-----------------+

-------------------------------------------
Batch: 15
-------------------------------------------
+------------------------------------------+-------------+------------------+-----------------+
|window                                    |sensor_id    |avg_temperature   |avg_air_quality  |
+------------------------------------------+-------------+------------------+-----------------+
|{2026-08-16 23:16:00, 2026-08-16 23:17:00}|sensor_zona_2|25.346249999999998|87.625           |
|{2026-08-16 23:16:00, 2026-08-16 23:17:00}|sensor_zona_1|27.545625         |97.0625          |
|{2026-08-16 23:16:00, 2026-08-16 23:17:00}|sensor_zona_3|28.8475           |90.125           |
|{2026-08-16 23:16:00, 2026-08-16 23:17:00}|sensor_zona_4|28.666428571428572|80.35714285714286|
|{2026-08-16 23:16:00, 2026-08-16 23:17:00}|sensor_zona_5|27.341538461538455|72.3076923076923 |
+------------------------------------------+-------------+------------------+-----------------+

-------------------------------------------
Batch: 16
-------------------------------------------
+------------------------------------------+-------------+------------------+-----------------+
|window                                    |sensor_id    |avg_temperature   |avg_air_quality  |
+------------------------------------------+-------------+------------------+-----------------+
|{2026-08-16 23:16:00, 2026-08-16 23:17:00}|sensor_zona_2|25.346249999999998|87.625           |
|{2026-08-16 23:16:00, 2026-08-16 23:17:00}|sensor_zona_1|27.545625         |97.0625          |
|{2026-08-16 23:16:00, 2026-08-16 23:17:00}|sensor_zona_3|28.8475           |90.125           |
|{2026-08-16 23:16:00, 2026-08-16 23:17:00}|sensor_zona_4|28.666428571428572|80.35714285714286|
|{2026-08-16 23:16:00, 2026-08-16 23:17:00}|sensor_zona_5|26.746874999999996|79.1875          |
+------------------------------------------+-------------+------------------+-----------------+

-------------------------------------------
Batch: 17
-------------------------------------------
+------------------------------------------+-------------+------------------+-----------------+
|window                                    |sensor_id    |avg_temperature   |avg_air_quality  |
+------------------------------------------+-------------+------------------+-----------------+
|{2026-08-16 23:16:00, 2026-08-16 23:17:00}|sensor_zona_2|25.346249999999998|87.625           |
|{2026-08-16 23:16:00, 2026-08-16 23:17:00}|sensor_zona_1|27.158235294117645|93.88235294117646|
|{2026-08-16 23:16:00, 2026-08-16 23:17:00}|sensor_zona_3|27.523000000000003|91.9             |
|{2026-08-16 23:16:00, 2026-08-16 23:17:00}|sensor_zona_4|28.479333333333333|81.4             |
|{2026-08-16 23:16:00, 2026-08-16 23:17:00}|sensor_zona_5|26.746874999999996|79.1875          |
+------------------------------------------+-------------+------------------+-----------------+

-------------------------------------------
Batch: 18
-------------------------------------------
+------------------------------------------+-------------+------------------+-----------------+
|window                                    |sensor_id    |avg_temperature   |avg_air_quality  |
+------------------------------------------+-------------+------------------+-----------------+
|{2026-08-16 23:16:00, 2026-08-16 23:17:00}|sensor_zona_2|26.511111111111106|83.0             |
|{2026-08-16 23:16:00, 2026-08-16 23:17:00}|sensor_zona_1|27.158235294117645|93.88235294117646|
|{2026-08-16 23:16:00, 2026-08-16 23:17:00}|sensor_zona_3|27.523000000000003|91.9             |
|{2026-08-16 23:16:00, 2026-08-16 23:17:00}|sensor_zona_4|27.638749999999998|78.25            |
|{2026-08-16 23:16:00, 2026-08-16 23:17:00}|sensor_zona_5|26.427647058823524|82.47058823529412|
+------------------------------------------+-------------+------------------+-----------------+

-------------------------------------------
Batch: 19
-------------------------------------------
+------------------------------------------+-------------+------------------+-----------------+
|window                                    |sensor_id    |avg_temperature   |avg_air_quality  |
+------------------------------------------+-------------+------------------+-----------------+
|{2026-08-16 23:17:00, 2026-08-16 23:18:00}|sensor_zona_1|18.25             |61.0             |
|{2026-08-16 23:16:00, 2026-08-16 23:17:00}|sensor_zona_2|26.511111111111106|83.0             |
|{2026-08-16 23:16:00, 2026-08-16 23:17:00}|sensor_zona_1|27.303888888888892|95.55555555555556|
|{2026-08-16 23:16:00, 2026-08-16 23:17:00}|sensor_zona_3|27.523000000000003|91.9             |
|{2026-08-16 23:16:00, 2026-08-16 23:17:00}|sensor_zona_4|27.638749999999998|78.25            |
|{2026-08-16 23:16:00, 2026-08-16 23:17:00}|sensor_zona_5|26.948888888888884|80.5             |
+------------------------------------------+-------------+------------------+-----------------+

-------------------------------------------
Batch: 20
-------------------------------------------
+------------------------------------------+-------------+------------------+-----------------+
|window                                    |sensor_id    |avg_temperature   |avg_air_quality  |
+------------------------------------------+-------------+------------------+-----------------+
|{2026-08-16 23:17:00, 2026-08-16 23:18:00}|sensor_zona_4|23.365000000000002|106.0            |
|{2026-08-16 23:17:00, 2026-08-16 23:18:00}|sensor_zona_5|21.75             |54.0             |
|{2026-08-16 23:17:00, 2026-08-16 23:18:00}|sensor_zona_1|18.25             |61.0             |
|{2026-08-16 23:17:00, 2026-08-16 23:18:00}|sensor_zona_3|37.3              |75.0             |
|{2026-08-16 23:16:00, 2026-08-16 23:17:00}|sensor_zona_2|26.511111111111106|83.0             |
|{2026-08-16 23:16:00, 2026-08-16 23:17:00}|sensor_zona_1|27.303888888888892|95.55555555555556|
|{2026-08-16 23:16:00, 2026-08-16 23:17:00}|sensor_zona_3|27.523000000000003|91.9             |
|{2026-08-16 23:16:00, 2026-08-16 23:17:00}|sensor_zona_4|27.638749999999998|78.25            |
|{2026-08-16 23:16:00, 2026-08-16 23:17:00}|sensor_zona_5|26.948888888888884|80.5             |
+------------------------------------------+-------------+------------------+-----------------+

-------------------------------------------
Batch: 21
-------------------------------------------
+------------------------------------------+-------------+------------------+------------------+
|window                                    |sensor_id    |avg_temperature   |avg_air_quality   |
+------------------------------------------+-------------+------------------+------------------+
|{2026-08-16 23:17:00, 2026-08-16 23:18:00}|sensor_zona_4|27.293333333333333|111.33333333333333|
|{2026-08-16 23:17:00, 2026-08-16 23:18:00}|sensor_zona_5|21.75             |54.0              |
|{2026-08-16 23:17:00, 2026-08-16 23:18:00}|sensor_zona_1|18.25             |61.0              |
|{2026-08-16 23:17:00, 2026-08-16 23:18:00}|sensor_zona_3|27.763333333333332|61.666666666666664|
|{2026-08-16 23:16:00, 2026-08-16 23:17:00}|sensor_zona_2|26.511111111111106|83.0              |
|{2026-08-16 23:16:00, 2026-08-16 23:17:00}|sensor_zona_1|27.303888888888892|95.55555555555556 |
|{2026-08-16 23:16:00, 2026-08-16 23:17:00}|sensor_zona_3|27.523000000000003|91.9              |
|{2026-08-16 23:16:00, 2026-08-16 23:17:00}|sensor_zona_4|27.638749999999998|78.25             |
|{2026-08-16 23:16:00, 2026-08-16 23:17:00}|sensor_zona_5|26.948888888888884|80.5              |
+------------------------------------------+-------------+------------------+------------------+

-------------------------------------------
Batch: 22
-------------------------------------------
+------------------------------------------+-------------+------------------+------------------+
|window                                    |sensor_id    |avg_temperature   |avg_air_quality   |
+------------------------------------------+-------------+------------------+------------------+
|{2026-08-16 23:17:00, 2026-08-16 23:18:00}|sensor_zona_4|27.293333333333333|111.33333333333333|
|{2026-08-16 23:17:00, 2026-08-16 23:18:00}|sensor_zona_5|23.97             |99.33333333333333 |
|{2026-08-16 23:17:00, 2026-08-16 23:18:00}|sensor_zona_1|18.25             |61.0              |
|{2026-08-16 23:17:00, 2026-08-16 23:18:00}|sensor_zona_3|28.912499999999998|55.0              |
|{2026-08-16 23:16:00, 2026-08-16 23:17:00}|sensor_zona_2|26.511111111111106|83.0              |
|{2026-08-16 23:16:00, 2026-08-16 23:17:00}|sensor_zona_1|27.303888888888892|95.55555555555556 |
|{2026-08-16 23:16:00, 2026-08-16 23:17:00}|sensor_zona_3|27.523000000000003|91.9              |
|{2026-08-16 23:16:00, 2026-08-16 23:17:00}|sensor_zona_4|27.638749999999998|78.25             |
|{2026-08-16 23:16:00, 2026-08-16 23:17:00}|sensor_zona_5|26.948888888888884|80.5              |
+------------------------------------------+-------------+------------------+------------------+

-------------------------------------------
Batch: 23
-------------------------------------------
+------------------------------------------+-------------+------------------+-----------------+
|window                                    |sensor_id    |avg_temperature   |avg_air_quality  |
+------------------------------------------+-------------+------------------+-----------------+
|{2026-08-16 23:17:00, 2026-08-16 23:18:00}|sensor_zona_4|26.43             |114.75           |
|{2026-08-16 23:17:00, 2026-08-16 23:18:00}|sensor_zona_5|23.97             |99.33333333333333|
|{2026-08-16 23:17:00, 2026-08-16 23:18:00}|sensor_zona_1|18.02             |48.0             |
|{2026-08-16 23:17:00, 2026-08-16 23:18:00}|sensor_zona_3|26.638333333333332|58.5             |
|{2026-08-16 23:16:00, 2026-08-16 23:17:00}|sensor_zona_2|26.511111111111106|83.0             |
|{2026-08-16 23:16:00, 2026-08-16 23:17:00}|sensor_zona_1|27.303888888888892|95.55555555555556|
|{2026-08-16 23:16:00, 2026-08-16 23:17:00}|sensor_zona_3|27.523000000000003|91.9             |
|{2026-08-16 23:16:00, 2026-08-16 23:17:00}|sensor_zona_4|27.638749999999998|78.25            |
|{2026-08-16 23:16:00, 2026-08-16 23:17:00}|sensor_zona_5|26.948888888888884|80.5             |
+------------------------------------------+-------------+------------------+-----------------+

-------------------------------------------
Batch: 24
-------------------------------------------
+------------------------------------------+-------------+------------------+-----------------+
|window                                    |sensor_id    |avg_temperature   |avg_air_quality  |
+------------------------------------------+-------------+------------------+-----------------+
|{2026-08-16 23:17:00, 2026-08-16 23:18:00}|sensor_zona_4|26.43             |114.75           |
|{2026-08-16 23:17:00, 2026-08-16 23:18:00}|sensor_zona_5|23.97             |99.33333333333333|
|{2026-08-16 23:17:00, 2026-08-16 23:18:00}|sensor_zona_1|20.369999999999997|71.25            |
|{2026-08-16 23:17:00, 2026-08-16 23:18:00}|sensor_zona_3|26.968571428571426|59.0             |
|{2026-08-16 23:16:00, 2026-08-16 23:17:00}|sensor_zona_2|26.511111111111106|83.0             |
|{2026-08-16 23:16:00, 2026-08-16 23:17:00}|sensor_zona_1|27.303888888888892|95.55555555555556|
|{2026-08-16 23:16:00, 2026-08-16 23:17:00}|sensor_zona_3|27.523000000000003|91.9             |
|{2026-08-16 23:16:00, 2026-08-16 23:17:00}|sensor_zona_4|27.638749999999998|78.25            |
|{2026-08-16 23:16:00, 2026-08-16 23:17:00}|sensor_zona_5|26.948888888888884|80.5             |
+------------------------------------------+-------------+------------------+-----------------+

-------------------------------------------
Batch: 25
-------------------------------------------
+------------------------------------------+-------------+------------------+-----------------+
|window                                    |sensor_id    |avg_temperature   |avg_air_quality  |
+------------------------------------------+-------------+------------------+-----------------+
|{2026-08-16 23:17:00, 2026-08-16 23:18:00}|sensor_zona_2|27.369999999999997|61.0             |
|{2026-08-16 23:17:00, 2026-08-16 23:18:00}|sensor_zona_4|26.43             |114.75           |
|{2026-08-16 23:17:00, 2026-08-16 23:18:00}|sensor_zona_5|23.97             |99.33333333333333|
|{2026-08-16 23:17:00, 2026-08-16 23:18:00}|sensor_zona_1|20.369999999999997|71.25            |
|{2026-08-16 23:17:00, 2026-08-16 23:18:00}|sensor_zona_3|28.016249999999996|65.125           |
|{2026-08-16 23:16:00, 2026-08-16 23:17:00}|sensor_zona_2|26.511111111111106|83.0             |
|{2026-08-16 23:16:00, 2026-08-16 23:17:00}|sensor_zona_1|27.303888888888892|95.55555555555556|
|{2026-08-16 23:16:00, 2026-08-16 23:17:00}|sensor_zona_3|27.523000000000003|91.9             |
|{2026-08-16 23:16:00, 2026-08-16 23:17:00}|sensor_zona_4|27.638749999999998|78.25            |
|{2026-08-16 23:16:00, 2026-08-16 23:17:00}|sensor_zona_5|26.948888888888884|80.5             |
+------------------------------------------+-------------+------------------+-----------------+

-------------------------------------------
Batch: 26
-------------------------------------------
+------------------------------------------+-------------+------------------+-----------------+
|window                                    |sensor_id    |avg_temperature   |avg_air_quality  |
+------------------------------------------+-------------+------------------+-----------------+
|{2026-08-16 23:17:00, 2026-08-16 23:18:00}|sensor_zona_2|27.369999999999997|61.0             |
|{2026-08-16 23:17:00, 2026-08-16 23:18:00}|sensor_zona_4|26.43             |114.75           |
|{2026-08-16 23:17:00, 2026-08-16 23:18:00}|sensor_zona_5|23.33             |99.75            |
|{2026-08-16 23:17:00, 2026-08-16 23:18:00}|sensor_zona_1|19.74             |82.0             |
|{2026-08-16 23:17:00, 2026-08-16 23:18:00}|sensor_zona_3|27.39333333333333 |68.44444444444444|
|{2026-08-16 23:16:00, 2026-08-16 23:17:00}|sensor_zona_2|26.511111111111106|83.0             |
|{2026-08-16 23:16:00, 2026-08-16 23:17:00}|sensor_zona_1|27.303888888888892|95.55555555555556|
|{2026-08-16 23:16:00, 2026-08-16 23:17:00}|sensor_zona_3|27.523000000000003|91.9             |
|{2026-08-16 23:16:00, 2026-08-16 23:17:00}|sensor_zona_4|27.638749999999998|78.25            |
|{2026-08-16 23:16:00, 2026-08-16 23:17:00}|sensor_zona_5|26.948888888888884|80.5             |
+------------------------------------------+-------------+------------------+-----------------+

-------------------------------------------
Batch: 27
-------------------------------------------
+------------------------------------------+-------------+------------------+-----------------+
|window                                    |sensor_id    |avg_temperature   |avg_air_quality  |
+------------------------------------------+-------------+------------------+-----------------+
|{2026-08-16 23:17:00, 2026-08-16 23:18:00}|sensor_zona_2|27.369999999999997|61.0             |
|{2026-08-16 23:17:00, 2026-08-16 23:18:00}|sensor_zona_4|27.442            |99.6             |
|{2026-08-16 23:17:00, 2026-08-16 23:18:00}|sensor_zona_5|23.645999999999997|93.0             |
|{2026-08-16 23:17:00, 2026-08-16 23:18:00}|sensor_zona_1|21.813333333333333|93.16666666666667|
|{2026-08-16 23:17:00, 2026-08-16 23:18:00}|sensor_zona_3|27.39333333333333 |68.44444444444444|
|{2026-08-16 23:16:00, 2026-08-16 23:17:00}|sensor_zona_2|26.511111111111106|83.0             |
|{2026-08-16 23:16:00, 2026-08-16 23:17:00}|sensor_zona_1|27.303888888888892|95.55555555555556|
|{2026-08-16 23:16:00, 2026-08-16 23:17:00}|sensor_zona_3|27.523000000000003|91.9             |
|{2026-08-16 23:16:00, 2026-08-16 23:17:00}|sensor_zona_4|27.638749999999998|78.25            |
|{2026-08-16 23:16:00, 2026-08-16 23:17:00}|sensor_zona_5|26.948888888888884|80.5             |
+------------------------------------------+-------------+------------------+-----------------+

-------------------------------------------
Batch: 28
-------------------------------------------
+------------------------------------------+-------------+------------------+-----------------+
|window                                    |sensor_id    |avg_temperature   |avg_air_quality  |
+------------------------------------------+-------------+------------------+-----------------+
|{2026-08-16 23:17:00, 2026-08-16 23:18:00}|sensor_zona_2|24.403333333333332|85.66666666666667|
|{2026-08-16 23:17:00, 2026-08-16 23:18:00}|sensor_zona_4|27.798333333333336|97.66666666666667|
|{2026-08-16 23:17:00, 2026-08-16 23:18:00}|sensor_zona_5|23.645999999999997|93.0             |
|{2026-08-16 23:17:00, 2026-08-16 23:18:00}|sensor_zona_1|24.10875          |92.0             |
|{2026-08-16 23:17:00, 2026-08-16 23:18:00}|sensor_zona_3|27.39333333333333 |68.44444444444444|
|{2026-08-16 23:16:00, 2026-08-16 23:17:00}|sensor_zona_2|26.511111111111106|83.0             |
|{2026-08-16 23:16:00, 2026-08-16 23:17:00}|sensor_zona_1|27.303888888888892|95.55555555555556|
|{2026-08-16 23:16:00, 2026-08-16 23:17:00}|sensor_zona_3|27.523000000000003|91.9             |
|{2026-08-16 23:16:00, 2026-08-16 23:17:00}|sensor_zona_4|27.638749999999998|78.25            |
|{2026-08-16 23:16:00, 2026-08-16 23:17:00}|sensor_zona_5|26.948888888888884|80.5             |
+------------------------------------------+-------------+------------------+-----------------+

-------------------------------------------
Batch: 29
-------------------------------------------
+------------------------------------------+-------------+------------------+-----------------+
|window                                    |sensor_id    |avg_temperature   |avg_air_quality  |
+------------------------------------------+-------------+------------------+-----------------+
|{2026-08-16 23:17:00, 2026-08-16 23:18:00}|sensor_zona_2|23.72             |69.25            |
|{2026-08-16 23:17:00, 2026-08-16 23:18:00}|sensor_zona_4|27.798333333333336|97.66666666666667|
|{2026-08-16 23:17:00, 2026-08-16 23:18:00}|sensor_zona_5|22.715            |82.83333333333333|
|{2026-08-16 23:17:00, 2026-08-16 23:18:00}|sensor_zona_1|24.10875          |92.0             |
|{2026-08-16 23:17:00, 2026-08-16 23:18:00}|sensor_zona_3|28.305999999999994|67.7             |
|{2026-08-16 23:16:00, 2026-08-16 23:17:00}|sensor_zona_2|26.511111111111106|83.0             |
|{2026-08-16 23:16:00, 2026-08-16 23:17:00}|sensor_zona_1|27.303888888888892|95.55555555555556|
|{2026-08-16 23:16:00, 2026-08-16 23:17:00}|sensor_zona_3|27.523000000000003|91.9             |
|{2026-08-16 23:16:00, 2026-08-16 23:17:00}|sensor_zona_4|27.638749999999998|78.25            |
|{2026-08-16 23:16:00, 2026-08-16 23:17:00}|sensor_zona_5|26.948888888888884|80.5             |
+------------------------------------------+-------------+------------------+-----------------+

-------------------------------------------
Batch: 30
-------------------------------------------
+------------------------------------------+-------------+------------------+-----------------+
|window                                    |sensor_id    |avg_temperature   |avg_air_quality  |
+------------------------------------------+-------------+------------------+-----------------+
|{2026-08-16 23:17:00, 2026-08-16 23:18:00}|sensor_zona_2|23.72             |69.25            |
|{2026-08-16 23:17:00, 2026-08-16 23:18:00}|sensor_zona_4|27.798333333333336|97.66666666666667|
|{2026-08-16 23:17:00, 2026-08-16 23:18:00}|sensor_zona_5|24.77285714285714 |79.0             |
|{2026-08-16 23:17:00, 2026-08-16 23:18:00}|sensor_zona_1|23.374444444444446|86.77777777777777|
|{2026-08-16 23:17:00, 2026-08-16 23:18:00}|sensor_zona_3|27.250909090909087|71.27272727272727|
|{2026-08-16 23:16:00, 2026-08-16 23:17:00}|sensor_zona_2|26.511111111111106|83.0             |
|{2026-08-16 23:16:00, 2026-08-16 23:17:00}|sensor_zona_1|27.303888888888892|95.55555555555556|
|{2026-08-16 23:16:00, 2026-08-16 23:17:00}|sensor_zona_3|27.523000000000003|91.9             |
|{2026-08-16 23:16:00, 2026-08-16 23:17:00}|sensor_zona_4|27.638749999999998|78.25            |
|{2026-08-16 23:16:00, 2026-08-16 23:17:00}|sensor_zona_5|26.948888888888884|80.5             |
+------------------------------------------+-------------+------------------+-----------------+

-------------------------------------------
Batch: 31
-------------------------------------------
+------------------------------------------+-------------+------------------+-----------------+
|window                                    |sensor_id    |avg_temperature   |avg_air_quality  |
+------------------------------------------+-------------+------------------+-----------------+
|{2026-08-16 23:17:00, 2026-08-16 23:18:00}|sensor_zona_2|25.52             |83.0             |
|{2026-08-16 23:17:00, 2026-08-16 23:18:00}|sensor_zona_4|27.798333333333336|97.66666666666667|
|{2026-08-16 23:17:00, 2026-08-16 23:18:00}|sensor_zona_5|24.77285714285714 |79.0             |
|{2026-08-16 23:17:00, 2026-08-16 23:18:00}|sensor_zona_1|24.835            |81.8             |
|{2026-08-16 23:17:00, 2026-08-16 23:18:00}|sensor_zona_3|26.778333333333325|75.91666666666667|
|{2026-08-16 23:16:00, 2026-08-16 23:17:00}|sensor_zona_2|26.511111111111106|83.0             |
|{2026-08-16 23:16:00, 2026-08-16 23:17:00}|sensor_zona_1|27.303888888888892|95.55555555555556|
|{2026-08-16 23:16:00, 2026-08-16 23:17:00}|sensor_zona_3|27.523000000000003|91.9             |
|{2026-08-16 23:16:00, 2026-08-16 23:17:00}|sensor_zona_4|27.638749999999998|78.25            |
|{2026-08-16 23:16:00, 2026-08-16 23:17:00}|sensor_zona_5|26.948888888888884|80.5             |
+------------------------------------------+-------------+------------------+-----------------+

-------------------------------------------
Batch: 32
-------------------------------------------
+------------------------------------------+-------------+------------------+-----------------+
|window                                    |sensor_id    |avg_temperature   |avg_air_quality  |
+------------------------------------------+-------------+------------------+-----------------+
|{2026-08-16 23:17:00, 2026-08-16 23:18:00}|sensor_zona_2|25.52             |83.0             |
|{2026-08-16 23:17:00, 2026-08-16 23:18:00}|sensor_zona_4|26.762857142857147|92.85714285714286|
|{2026-08-16 23:17:00, 2026-08-16 23:18:00}|sensor_zona_5|24.77285714285714 |79.0             |
|{2026-08-16 23:17:00, 2026-08-16 23:18:00}|sensor_zona_1|24.05727272727273 |85.45454545454545|
|{2026-08-16 23:17:00, 2026-08-16 23:18:00}|sensor_zona_3|26.152857142857137|77.21428571428571|
|{2026-08-16 23:16:00, 2026-08-16 23:17:00}|sensor_zona_2|26.511111111111106|83.0             |
|{2026-08-16 23:16:00, 2026-08-16 23:17:00}|sensor_zona_1|27.303888888888892|95.55555555555556|
|{2026-08-16 23:16:00, 2026-08-16 23:17:00}|sensor_zona_3|27.523000000000003|91.9             |
|{2026-08-16 23:16:00, 2026-08-16 23:17:00}|sensor_zona_4|27.638749999999998|78.25            |
|{2026-08-16 23:16:00, 2026-08-16 23:17:00}|sensor_zona_5|26.948888888888884|80.5             |
+------------------------------------------+-------------+------------------+-----------------+

-------------------------------------------
Batch: 33
-------------------------------------------
+------------------------------------------+-------------+------------------+-----------------+
|window                                    |sensor_id    |avg_temperature   |avg_air_quality  |
+------------------------------------------+-------------+------------------+-----------------+
|{2026-08-16 23:17:00, 2026-08-16 23:18:00}|sensor_zona_2|26.89875          |82.375           |
|{2026-08-16 23:17:00, 2026-08-16 23:18:00}|sensor_zona_4|26.762857142857147|92.85714285714286|
|{2026-08-16 23:17:00, 2026-08-16 23:18:00}|sensor_zona_5|24.77285714285714 |79.0             |
|{2026-08-16 23:17:00, 2026-08-16 23:18:00}|sensor_zona_1|24.05727272727273 |85.45454545454545|
|{2026-08-16 23:17:00, 2026-08-16 23:18:00}|sensor_zona_3|26.152857142857137|77.21428571428571|
|{2026-08-16 23:16:00, 2026-08-16 23:17:00}|sensor_zona_2|26.511111111111106|83.0             |
|{2026-08-16 23:16:00, 2026-08-16 23:17:00}|sensor_zona_1|27.303888888888892|95.55555555555556|
|{2026-08-16 23:16:00, 2026-08-16 23:17:00}|sensor_zona_3|27.523000000000003|91.9             |
|{2026-08-16 23:16:00, 2026-08-16 23:17:00}|sensor_zona_4|27.638749999999998|78.25            |
|{2026-08-16 23:16:00, 2026-08-16 23:17:00}|sensor_zona_5|26.948888888888884|80.5             |
+------------------------------------------+-------------+------------------+-----------------+

-------------------------------------------
Batch: 34
-------------------------------------------
+------------------------------------------+-------------+------------------+-----------------+
|window                                    |sensor_id    |avg_temperature   |avg_air_quality  |
+------------------------------------------+-------------+------------------+-----------------+
|{2026-08-16 23:17:00, 2026-08-16 23:18:00}|sensor_zona_2|26.89875          |82.375           |
|{2026-08-16 23:17:00, 2026-08-16 23:18:00}|sensor_zona_4|26.625000000000004|93.5             |
|{2026-08-16 23:17:00, 2026-08-16 23:18:00}|sensor_zona_5|24.77285714285714 |79.0             |
|{2026-08-16 23:17:00, 2026-08-16 23:18:00}|sensor_zona_1|24.05727272727273 |85.45454545454545|
|{2026-08-16 23:17:00, 2026-08-16 23:18:00}|sensor_zona_3|26.110624999999995|79.5             |
|{2026-08-16 23:16:00, 2026-08-16 23:17:00}|sensor_zona_2|26.511111111111106|83.0             |
|{2026-08-16 23:16:00, 2026-08-16 23:17:00}|sensor_zona_1|27.303888888888892|95.55555555555556|
|{2026-08-16 23:16:00, 2026-08-16 23:17:00}|sensor_zona_3|27.523000000000003|91.9             |
|{2026-08-16 23:16:00, 2026-08-16 23:17:00}|sensor_zona_4|27.638749999999998|78.25            |
|{2026-08-16 23:16:00, 2026-08-16 23:17:00}|sensor_zona_5|26.948888888888884|80.5             |
+------------------------------------------+-------------+------------------+-----------------+

-------------------------------------------
Batch: 35
-------------------------------------------
+------------------------------------------+-------------+------------------+-----------------+
|window                                    |sensor_id    |avg_temperature   |avg_air_quality  |
+------------------------------------------+-------------+------------------+-----------------+
|{2026-08-16 23:17:00, 2026-08-16 23:18:00}|sensor_zona_2|26.956666666666667|89.77777777777777|
|{2026-08-16 23:17:00, 2026-08-16 23:18:00}|sensor_zona_4|25.592222222222226|99.22222222222223|
|{2026-08-16 23:17:00, 2026-08-16 23:18:00}|sensor_zona_5|24.77285714285714 |79.0             |
|{2026-08-16 23:17:00, 2026-08-16 23:18:00}|sensor_zona_1|24.646666666666665|89.25            |
|{2026-08-16 23:17:00, 2026-08-16 23:18:00}|sensor_zona_3|26.110624999999995|79.5             |
|{2026-08-16 23:16:00, 2026-08-16 23:17:00}|sensor_zona_2|26.511111111111106|83.0             |
|{2026-08-16 23:16:00, 2026-08-16 23:17:00}|sensor_zona_1|27.303888888888892|95.55555555555556|
|{2026-08-16 23:16:00, 2026-08-16 23:17:00}|sensor_zona_3|27.523000000000003|91.9             |
|{2026-08-16 23:16:00, 2026-08-16 23:17:00}|sensor_zona_4|27.638749999999998|78.25            |
|{2026-08-16 23:16:00, 2026-08-16 23:17:00}|sensor_zona_5|26.948888888888884|80.5             |
+------------------------------------------+-------------+------------------+-----------------+

-------------------------------------------
Batch: 36
-------------------------------------------
+------------------------------------------+-------------+------------------+-----------------+
|window                                    |sensor_id    |avg_temperature   |avg_air_quality  |
+------------------------------------------+-------------+------------------+-----------------+
|{2026-08-16 23:17:00, 2026-08-16 23:18:00}|sensor_zona_2|26.329            |85.4             |
|{2026-08-16 23:17:00, 2026-08-16 23:18:00}|sensor_zona_4|25.592222222222226|99.22222222222223|
|{2026-08-16 23:17:00, 2026-08-16 23:18:00}|sensor_zona_5|24.77285714285714 |79.0             |
|{2026-08-16 23:17:00, 2026-08-16 23:18:00}|sensor_zona_1|24.646666666666665|89.25            |
|{2026-08-16 23:17:00, 2026-08-16 23:18:00}|sensor_zona_3|26.782222222222217|83.0             |
|{2026-08-16 23:16:00, 2026-08-16 23:17:00}|sensor_zona_2|26.511111111111106|83.0             |
|{2026-08-16 23:16:00, 2026-08-16 23:17:00}|sensor_zona_1|27.303888888888892|95.55555555555556|
|{2026-08-16 23:16:00, 2026-08-16 23:17:00}|sensor_zona_3|27.523000000000003|91.9             |
|{2026-08-16 23:16:00, 2026-08-16 23:17:00}|sensor_zona_4|27.638749999999998|78.25            |
|{2026-08-16 23:16:00, 2026-08-16 23:17:00}|sensor_zona_5|26.948888888888884|80.5             |
+------------------------------------------+-------------+------------------+-----------------+

-------------------------------------------
Batch: 37
-------------------------------------------
+------------------------------------------+-------------+------------------+-----------------+
|window                                    |sensor_id    |avg_temperature   |avg_air_quality  |
+------------------------------------------+-------------+------------------+-----------------+
|{2026-08-16 23:17:00, 2026-08-16 23:18:00}|sensor_zona_2|26.674545454545456|90.81818181818181|
|{2026-08-16 23:17:00, 2026-08-16 23:18:00}|sensor_zona_4|26.676000000000005|95.1             |
|{2026-08-16 23:17:00, 2026-08-16 23:18:00}|sensor_zona_5|24.77285714285714 |79.0             |
|{2026-08-16 23:17:00, 2026-08-16 23:18:00}|sensor_zona_1|24.646666666666665|89.25            |
|{2026-08-16 23:17:00, 2026-08-16 23:18:00}|sensor_zona_3|26.82052631578947 |84.36842105263158|
|{2026-08-16 23:16:00, 2026-08-16 23:17:00}|sensor_zona_2|26.511111111111106|83.0             |
|{2026-08-16 23:16:00, 2026-08-16 23:17:00}|sensor_zona_1|27.303888888888892|95.55555555555556|
|{2026-08-16 23:16:00, 2026-08-16 23:17:00}|sensor_zona_3|27.523000000000003|91.9             |
|{2026-08-16 23:16:00, 2026-08-16 23:17:00}|sensor_zona_4|27.638749999999998|78.25            |
|{2026-08-16 23:16:00, 2026-08-16 23:17:00}|sensor_zona_5|26.948888888888884|80.5             |
+------------------------------------------+-------------+------------------+-----------------+

-------------------------------------------
Batch: 38
-------------------------------------------
+------------------------------------------+-------------+------------------+-----------------+
|window                                    |sensor_id    |avg_temperature   |avg_air_quality  |
+------------------------------------------+-------------+------------------+-----------------+
|{2026-08-16 23:17:00, 2026-08-16 23:18:00}|sensor_zona_2|26.73166666666667 |90.0             |
|{2026-08-16 23:17:00, 2026-08-16 23:18:00}|sensor_zona_4|25.868181818181824|95.81818181818181|
|{2026-08-16 23:17:00, 2026-08-16 23:18:00}|sensor_zona_5|24.77285714285714 |79.0             |
|{2026-08-16 23:17:00, 2026-08-16 23:18:00}|sensor_zona_1|25.085384615384616|91.07692307692308|
|{2026-08-16 23:17:00, 2026-08-16 23:18:00}|sensor_zona_3|26.82052631578947 |84.36842105263158|
|{2026-08-16 23:16:00, 2026-08-16 23:17:00}|sensor_zona_2|26.511111111111106|83.0             |
|{2026-08-16 23:16:00, 2026-08-16 23:17:00}|sensor_zona_1|27.303888888888892|95.55555555555556|
|{2026-08-16 23:16:00, 2026-08-16 23:17:00}|sensor_zona_3|27.523000000000003|91.9             |
|{2026-08-16 23:16:00, 2026-08-16 23:17:00}|sensor_zona_4|27.638749999999998|78.25            |
|{2026-08-16 23:16:00, 2026-08-16 23:17:00}|sensor_zona_5|26.948888888888884|80.5             |
+------------------------------------------+-------------+------------------+-----------------+

-------------------------------------------
Batch: 39
-------------------------------------------
+------------------------------------------+-------------+------------------+-----------------+
|window                                    |sensor_id    |avg_temperature   |avg_air_quality  |
+------------------------------------------+-------------+------------------+-----------------+
|{2026-08-16 23:17:00, 2026-08-16 23:18:00}|sensor_zona_2|26.411428571428576|90.78571428571429|
|{2026-08-16 23:17:00, 2026-08-16 23:18:00}|sensor_zona_4|26.13083333333334 |89.91666666666667|
|{2026-08-16 23:17:00, 2026-08-16 23:18:00}|sensor_zona_5|24.77285714285714 |79.0             |
|{2026-08-16 23:17:00, 2026-08-16 23:18:00}|sensor_zona_1|25.085384615384616|91.07692307692308|
|{2026-08-16 23:17:00, 2026-08-16 23:18:00}|sensor_zona_3|26.82052631578947 |84.36842105263158|
|{2026-08-16 23:16:00, 2026-08-16 23:17:00}|sensor_zona_2|26.511111111111106|83.0             |
|{2026-08-16 23:16:00, 2026-08-16 23:17:00}|sensor_zona_1|27.303888888888892|95.55555555555556|
|{2026-08-16 23:16:00, 2026-08-16 23:17:00}|sensor_zona_3|27.523000000000003|91.9             |
|{2026-08-16 23:16:00, 2026-08-16 23:17:00}|sensor_zona_4|27.638749999999998|78.25            |
|{2026-08-16 23:16:00, 2026-08-16 23:17:00}|sensor_zona_5|26.948888888888884|80.5             |
+------------------------------------------+-------------+------------------+-----------------+

-------------------------------------------
Batch: 40
-------------------------------------------
+------------------------------------------+-------------+------------------+-----------------+
|window                                    |sensor_id    |avg_temperature   |avg_air_quality  |
+------------------------------------------+-------------+------------------+-----------------+
|{2026-08-16 23:17:00, 2026-08-16 23:18:00}|sensor_zona_2|26.333333333333336|93.26666666666667|
|{2026-08-16 23:17:00, 2026-08-16 23:18:00}|sensor_zona_4|26.13083333333334 |89.91666666666667|
|{2026-08-16 23:17:00, 2026-08-16 23:18:00}|sensor_zona_5|24.77285714285714 |79.0             |
|{2026-08-16 23:17:00, 2026-08-16 23:18:00}|sensor_zona_1|25.321428571428573|93.85714285714286|
|{2026-08-16 23:17:00, 2026-08-16 23:18:00}|sensor_zona_3|27.305499999999995|83.4             |
|{2026-08-16 23:16:00, 2026-08-16 23:17:00}|sensor_zona_2|26.511111111111106|83.0             |
|{2026-08-16 23:16:00, 2026-08-16 23:17:00}|sensor_zona_1|27.303888888888892|95.55555555555556|
|{2026-08-16 23:16:00, 2026-08-16 23:17:00}|sensor_zona_3|27.523000000000003|91.9             |
|{2026-08-16 23:16:00, 2026-08-16 23:17:00}|sensor_zona_4|27.638749999999998|78.25            |
|{2026-08-16 23:16:00, 2026-08-16 23:17:00}|sensor_zona_5|26.948888888888884|80.5             |
+------------------------------------------+-------------+------------------+-----------------+

-------------------------------------------
Batch: 41
-------------------------------------------
+------------------------------------------+-------------+------------------+-----------------+
|window                                    |sensor_id    |avg_temperature   |avg_air_quality  |
+------------------------------------------+-------------+------------------+-----------------+
|{2026-08-16 23:17:00, 2026-08-16 23:18:00}|sensor_zona_2|26.068750000000005|89.125           |
|{2026-08-16 23:17:00, 2026-08-16 23:18:00}|sensor_zona_4|26.13083333333334 |89.91666666666667|
|{2026-08-16 23:17:00, 2026-08-16 23:18:00}|sensor_zona_5|24.77285714285714 |79.0             |
|{2026-08-16 23:17:00, 2026-08-16 23:18:00}|sensor_zona_1|25.321428571428573|93.85714285714286|
|{2026-08-16 23:17:00, 2026-08-16 23:18:00}|sensor_zona_3|27.694999999999997|86.4090909090909 |
|{2026-08-16 23:16:00, 2026-08-16 23:17:00}|sensor_zona_2|26.511111111111106|83.0             |
|{2026-08-16 23:16:00, 2026-08-16 23:17:00}|sensor_zona_1|27.303888888888892|95.55555555555556|
|{2026-08-16 23:16:00, 2026-08-16 23:17:00}|sensor_zona_3|27.523000000000003|91.9             |
|{2026-08-16 23:16:00, 2026-08-16 23:17:00}|sensor_zona_4|27.638749999999998|78.25            |
|{2026-08-16 23:16:00, 2026-08-16 23:17:00}|sensor_zona_5|26.948888888888884|80.5             |
+------------------------------------------+-------------+------------------+-----------------+

-------------------------------------------
Batch: 42
-------------------------------------------
+------------------------------------------+-------------+------------------+-----------------+
|window                                    |sensor_id    |avg_temperature   |avg_air_quality  |
+------------------------------------------+-------------+------------------+-----------------+
|{2026-08-16 23:17:00, 2026-08-16 23:18:00}|sensor_zona_2|26.068750000000005|89.125           |
|{2026-08-16 23:17:00, 2026-08-16 23:18:00}|sensor_zona_4|26.668461538461543|86.61538461538461|
|{2026-08-16 23:17:00, 2026-08-16 23:18:00}|sensor_zona_5|24.77285714285714 |79.0             |
|{2026-08-16 23:17:00, 2026-08-16 23:18:00}|sensor_zona_1|25.212            |93.8             |
|{2026-08-16 23:17:00, 2026-08-16 23:18:00}|sensor_zona_3|27.23913043478261 |86.82608695652173|
|{2026-08-16 23:16:00, 2026-08-16 23:17:00}|sensor_zona_2|26.511111111111106|83.0             |
|{2026-08-16 23:16:00, 2026-08-16 23:17:00}|sensor_zona_1|27.303888888888892|95.55555555555556|
|{2026-08-16 23:16:00, 2026-08-16 23:17:00}|sensor_zona_3|27.523000000000003|91.9             |
|{2026-08-16 23:16:00, 2026-08-16 23:17:00}|sensor_zona_4|27.638749999999998|78.25            |
|{2026-08-16 23:16:00, 2026-08-16 23:17:00}|sensor_zona_5|26.948888888888884|80.5             |
+------------------------------------------+-------------+------------------+-----------------+

-------------------------------------------
Batch: 43
-------------------------------------------
+------------------------------------------+-------------+------------------+-----------------+
|window                                    |sensor_id    |avg_temperature   |avg_air_quality  |
+------------------------------------------+-------------+------------------+-----------------+
|{2026-08-16 23:17:00, 2026-08-16 23:18:00}|sensor_zona_2|26.068750000000005|89.125           |
|{2026-08-16 23:17:00, 2026-08-16 23:18:00}|sensor_zona_4|27.23857142857143 |90.14285714285714|
|{2026-08-16 23:17:00, 2026-08-16 23:18:00}|sensor_zona_5|25.825            |81.125           |
|{2026-08-16 23:17:00, 2026-08-16 23:18:00}|sensor_zona_1|25.9575           |91.9375          |
|{2026-08-16 23:17:00, 2026-08-16 23:18:00}|sensor_zona_3|27.23913043478261 |86.82608695652173|
|{2026-08-16 23:16:00, 2026-08-16 23:17:00}|sensor_zona_2|26.511111111111106|83.0             |
|{2026-08-16 23:16:00, 2026-08-16 23:17:00}|sensor_zona_1|27.303888888888892|95.55555555555556|
|{2026-08-16 23:16:00, 2026-08-16 23:17:00}|sensor_zona_3|27.523000000000003|91.9             |
|{2026-08-16 23:16:00, 2026-08-16 23:17:00}|sensor_zona_4|27.638749999999998|78.25            |
|{2026-08-16 23:16:00, 2026-08-16 23:17:00}|sensor_zona_5|26.948888888888884|80.5             |
+------------------------------------------+-------------+------------------+-----------------+

-------------------------------------------
Batch: 44
-------------------------------------------
+------------------------------------------+-------------+------------------+-----------------+
|window                                    |sensor_id    |avg_temperature   |avg_air_quality  |
+------------------------------------------+-------------+------------------+-----------------+
|{2026-08-16 23:17:00, 2026-08-16 23:18:00}|sensor_zona_2|25.63555555555556 |93.05555555555556|
|{2026-08-16 23:17:00, 2026-08-16 23:18:00}|sensor_zona_4|27.607333333333333|87.46666666666667|
|{2026-08-16 23:17:00, 2026-08-16 23:18:00}|sensor_zona_5|25.825            |81.125           |
|{2026-08-16 23:17:00, 2026-08-16 23:18:00}|sensor_zona_1|25.9575           |91.9375          |
|{2026-08-16 23:17:00, 2026-08-16 23:18:00}|sensor_zona_3|27.23913043478261 |86.82608695652173|
|{2026-08-16 23:16:00, 2026-08-16 23:17:00}|sensor_zona_2|26.511111111111106|83.0             |
|{2026-08-16 23:16:00, 2026-08-16 23:17:00}|sensor_zona_1|27.303888888888892|95.55555555555556|
|{2026-08-16 23:16:00, 2026-08-16 23:17:00}|sensor_zona_3|27.523000000000003|91.9             |
|{2026-08-16 23:16:00, 2026-08-16 23:17:00}|sensor_zona_4|27.638749999999998|78.25            |
|{2026-08-16 23:16:00, 2026-08-16 23:17:00}|sensor_zona_5|26.948888888888884|80.5             |
+------------------------------------------+-------------+------------------+-----------------+

-------------------------------------------
Batch: 45
-------------------------------------------
+------------------------------------------+-------------+------------------+-----------------+
|window                                    |sensor_id    |avg_temperature   |avg_air_quality  |
+------------------------------------------+-------------+------------------+-----------------+
|{2026-08-16 23:17:00, 2026-08-16 23:18:00}|sensor_zona_2|25.212631578947374|95.15789473684211|
|{2026-08-16 23:17:00, 2026-08-16 23:18:00}|sensor_zona_4|28.225625         |83.8125          |
|{2026-08-16 23:17:00, 2026-08-16 23:18:00}|sensor_zona_5|25.825            |81.125           |
|{2026-08-16 23:17:00, 2026-08-16 23:18:00}|sensor_zona_1|25.9575           |91.9375          |
|{2026-08-16 23:17:00, 2026-08-16 23:18:00}|sensor_zona_3|27.668333333333333|85.33333333333333|
|{2026-08-16 23:16:00, 2026-08-16 23:17:00}|sensor_zona_2|26.511111111111106|83.0             |
|{2026-08-16 23:16:00, 2026-08-16 23:17:00}|sensor_zona_1|27.303888888888892|95.55555555555556|
|{2026-08-16 23:16:00, 2026-08-16 23:17:00}|sensor_zona_3|27.523000000000003|91.9             |
|{2026-08-16 23:16:00, 2026-08-16 23:17:00}|sensor_zona_4|27.638749999999998|78.25            |
|{2026-08-16 23:16:00, 2026-08-16 23:17:00}|sensor_zona_5|26.948888888888884|80.5             |
+------------------------------------------+-------------+------------------+-----------------+

-------------------------------------------
Batch: 46
-------------------------------------------
+------------------------------------------+-------------+------------------+-----------------+
|window                                    |sensor_id    |avg_temperature   |avg_air_quality  |
+------------------------------------------+-------------+------------------+-----------------+
|{2026-08-16 23:17:00, 2026-08-16 23:18:00}|sensor_zona_2|24.891000000000002|93.45            |
|{2026-08-16 23:17:00, 2026-08-16 23:18:00}|sensor_zona_4|28.225625         |83.8125          |
|{2026-08-16 23:17:00, 2026-08-16 23:18:00}|sensor_zona_5|26.278888888888886|77.22222222222223|
|{2026-08-16 23:17:00, 2026-08-16 23:18:00}|sensor_zona_1|26.622941176470587|93.58823529411765|
|{2026-08-16 23:17:00, 2026-08-16 23:18:00}|sensor_zona_3|27.668333333333333|85.33333333333333|
|{2026-08-16 23:16:00, 2026-08-16 23:17:00}|sensor_zona_2|26.511111111111106|83.0             |
|{2026-08-16 23:16:00, 2026-08-16 23:17:00}|sensor_zona_1|27.303888888888892|95.55555555555556|
|{2026-08-16 23:16:00, 2026-08-16 23:17:00}|sensor_zona_3|27.523000000000003|91.9             |
|{2026-08-16 23:16:00, 2026-08-16 23:17:00}|sensor_zona_4|27.638749999999998|78.25            |
|{2026-08-16 23:16:00, 2026-08-16 23:17:00}|sensor_zona_5|26.948888888888884|80.5             |
+------------------------------------------+-------------+------------------+-----------------+

-------------------------------------------
Batch: 47
-------------------------------------------
+------------------------------------------+-------------+------------------+-----------------+
|window                                    |sensor_id    |avg_temperature   |avg_air_quality  |
+------------------------------------------+-------------+------------------+-----------------+
|{2026-08-16 23:17:00, 2026-08-16 23:18:00}|sensor_zona_2|24.891000000000002|93.45            |
|{2026-08-16 23:17:00, 2026-08-16 23:18:00}|sensor_zona_4|28.225625         |83.8125          |
|{2026-08-16 23:17:00, 2026-08-16 23:18:00}|sensor_zona_5|26.55727272727273 |71.9090909090909 |
|{2026-08-16 23:17:00, 2026-08-16 23:18:00}|sensor_zona_1|26.605555555555554|96.61111111111111|
|{2026-08-16 23:17:00, 2026-08-16 23:18:00}|sensor_zona_3|27.668333333333333|85.33333333333333|
|{2026-08-16 23:16:00, 2026-08-16 23:17:00}|sensor_zona_2|26.511111111111106|83.0             |
|{2026-08-16 23:16:00, 2026-08-16 23:17:00}|sensor_zona_1|27.303888888888892|95.55555555555556|
|{2026-08-16 23:16:00, 2026-08-16 23:17:00}|sensor_zona_3|27.523000000000003|91.9             |
|{2026-08-16 23:16:00, 2026-08-16 23:17:00}|sensor_zona_4|27.638749999999998|78.25            |
|{2026-08-16 23:16:00, 2026-08-16 23:17:00}|sensor_zona_5|26.948888888888884|80.5             |
+------------------------------------------+-------------+------------------+-----------------+

-------------------------------------------
Batch: 48
-------------------------------------------
+------------------------------------------+-------------+------------------+-----------------+
|window                                    |sensor_id    |avg_temperature   |avg_air_quality  |
+------------------------------------------+-------------+------------------+-----------------+
|{2026-08-16 23:17:00, 2026-08-16 23:18:00}|sensor_zona_2|24.891000000000002|93.45            |
|{2026-08-16 23:17:00, 2026-08-16 23:18:00}|sensor_zona_4|27.70777777777778 |86.38888888888889|
|{2026-08-16 23:17:00, 2026-08-16 23:18:00}|sensor_zona_5|26.55727272727273 |71.9090909090909 |
|{2026-08-16 23:17:00, 2026-08-16 23:18:00}|sensor_zona_1|26.605555555555554|96.61111111111111|
|{2026-08-16 23:17:00, 2026-08-16 23:18:00}|sensor_zona_3|28.056923076923077|86.76923076923077|
|{2026-08-16 23:16:00, 2026-08-16 23:17:00}|sensor_zona_2|26.511111111111106|83.0             |
|{2026-08-16 23:16:00, 2026-08-16 23:17:00}|sensor_zona_1|27.303888888888892|95.55555555555556|
|{2026-08-16 23:16:00, 2026-08-16 23:17:00}|sensor_zona_3|27.523000000000003|91.9             |
|{2026-08-16 23:16:00, 2026-08-16 23:17:00}|sensor_zona_4|27.638749999999998|78.25            |
|{2026-08-16 23:16:00, 2026-08-16 23:17:00}|sensor_zona_5|26.948888888888884|80.5             |
+------------------------------------------+-------------+------------------+-----------------+

-------------------------------------------
Batch: 49
-------------------------------------------
+------------------------------------------+-------------+------------------+-----------------+
|window                                    |sensor_id    |avg_temperature   |avg_air_quality  |
+------------------------------------------+-------------+------------------+-----------------+
|{2026-08-16 23:17:00, 2026-08-16 23:18:00}|sensor_zona_2|24.891000000000002|93.45            |
|{2026-08-16 23:17:00, 2026-08-16 23:18:00}|sensor_zona_4|27.384210526315787|87.78947368421052|
|{2026-08-16 23:17:00, 2026-08-16 23:18:00}|sensor_zona_5|26.55727272727273 |71.9090909090909 |
|{2026-08-16 23:17:00, 2026-08-16 23:18:00}|sensor_zona_1|26.3815           |92.7             |
|{2026-08-16 23:17:00, 2026-08-16 23:18:00}|sensor_zona_3|28.056923076923077|86.76923076923077|
|{2026-08-16 23:16:00, 2026-08-16 23:17:00}|sensor_zona_2|26.511111111111106|83.0             |
|{2026-08-16 23:16:00, 2026-08-16 23:17:00}|sensor_zona_1|27.303888888888892|95.55555555555556|
|{2026-08-16 23:16:00, 2026-08-16 23:17:00}|sensor_zona_3|27.523000000000003|91.9             |
|{2026-08-16 23:16:00, 2026-08-16 23:17:00}|sensor_zona_4|27.638749999999998|78.25            |
|{2026-08-16 23:16:00, 2026-08-16 23:17:00}|sensor_zona_5|26.948888888888884|80.5             |
+------------------------------------------+-------------+------------------+-----------------+

-------------------------------------------
Batch: 50
-------------------------------------------
+------------------------------------------+-------------+------------------+-----------------+
|window                                    |sensor_id    |avg_temperature   |avg_air_quality  |
+------------------------------------------+-------------+------------------+-----------------+
|{2026-08-16 23:17:00, 2026-08-16 23:18:00}|sensor_zona_2|25.164285714285718|95.85714285714286|
|{2026-08-16 23:17:00, 2026-08-16 23:18:00}|sensor_zona_4|27.384210526315787|87.78947368421052|
|{2026-08-16 23:17:00, 2026-08-16 23:18:00}|sensor_zona_5|27.020833333333332|71.83333333333333|
|{2026-08-16 23:17:00, 2026-08-16 23:18:00}|sensor_zona_1|26.546666666666667|93.19047619047619|
|{2026-08-16 23:17:00, 2026-08-16 23:18:00}|sensor_zona_3|28.056923076923077|86.76923076923077|
|{2026-08-16 23:16:00, 2026-08-16 23:17:00}|sensor_zona_2|26.511111111111106|83.0             |
|{2026-08-16 23:16:00, 2026-08-16 23:17:00}|sensor_zona_1|27.303888888888892|95.55555555555556|
|{2026-08-16 23:16:00, 2026-08-16 23:17:00}|sensor_zona_3|27.523000000000003|91.9             |
|{2026-08-16 23:16:00, 2026-08-16 23:17:00}|sensor_zona_4|27.638749999999998|78.25            |
|{2026-08-16 23:16:00, 2026-08-16 23:17:00}|sensor_zona_5|26.948888888888884|80.5             |
+------------------------------------------+-------------+------------------+-----------------+

-------------------------------------------
Batch: 51
-------------------------------------------
+------------------------------------------+-------------+------------------+-----------------+
|window                                    |sensor_id    |avg_temperature   |avg_air_quality  |
+------------------------------------------+-------------+------------------+-----------------+
|{2026-08-16 23:17:00, 2026-08-16 23:18:00}|sensor_zona_2|25.164285714285718|95.85714285714286|
|{2026-08-16 23:17:00, 2026-08-16 23:18:00}|sensor_zona_4|27.627499999999998|89.35            |
|{2026-08-16 23:17:00, 2026-08-16 23:18:00}|sensor_zona_5|27.696153846153848|72.46153846153847|
|{2026-08-16 23:17:00, 2026-08-16 23:18:00}|sensor_zona_1|26.546666666666667|93.19047619047619|
|{2026-08-16 23:17:00, 2026-08-16 23:18:00}|sensor_zona_3|27.756666666666668|88.62962962962963|
|{2026-08-16 23:16:00, 2026-08-16 23:17:00}|sensor_zona_2|26.511111111111106|83.0             |
|{2026-08-16 23:16:00, 2026-08-16 23:17:00}|sensor_zona_1|27.303888888888892|95.55555555555556|
|{2026-08-16 23:16:00, 2026-08-16 23:17:00}|sensor_zona_3|27.523000000000003|91.9             |
|{2026-08-16 23:16:00, 2026-08-16 23:17:00}|sensor_zona_4|27.638749999999998|78.25            |
|{2026-08-16 23:16:00, 2026-08-16 23:17:00}|sensor_zona_5|26.948888888888884|80.5             |
+------------------------------------------+-------------+------------------+-----------------+

-------------------------------------------
Batch: 52
-------------------------------------------
+------------------------------------------+-------------+------------------+-----------------+
|window                                    |sensor_id    |avg_temperature   |avg_air_quality  |
+------------------------------------------+-------------+------------------+-----------------+
|{2026-08-16 23:17:00, 2026-08-16 23:18:00}|sensor_zona_2|25.353181818181824|94.9090909090909 |
|{2026-08-16 23:17:00, 2026-08-16 23:18:00}|sensor_zona_4|27.627499999999998|89.35            |
|{2026-08-16 23:17:00, 2026-08-16 23:18:00}|sensor_zona_5|27.696153846153848|72.46153846153847|
|{2026-08-16 23:17:00, 2026-08-16 23:18:00}|sensor_zona_1|26.751304347826085|90.52173913043478|
|{2026-08-16 23:17:00, 2026-08-16 23:18:00}|sensor_zona_3|27.98821428571429 |89.57142857142857|
|{2026-08-16 23:16:00, 2026-08-16 23:17:00}|sensor_zona_2|26.511111111111106|83.0             |
|{2026-08-16 23:16:00, 2026-08-16 23:17:00}|sensor_zona_1|27.303888888888892|95.55555555555556|
|{2026-08-16 23:16:00, 2026-08-16 23:17:00}|sensor_zona_3|27.523000000000003|91.9             |
|{2026-08-16 23:16:00, 2026-08-16 23:17:00}|sensor_zona_4|27.638749999999998|78.25            |
|{2026-08-16 23:16:00, 2026-08-16 23:17:00}|sensor_zona_5|26.948888888888884|80.5             |
+------------------------------------------+-------------+------------------+-----------------+

-------------------------------------------
Batch: 53
-------------------------------------------
+------------------------------------------+-------------+------------------+-----------------+
|window                                    |sensor_id    |avg_temperature   |avg_air_quality  |
+------------------------------------------+-------------+------------------+-----------------+
|{2026-08-16 23:17:00, 2026-08-16 23:18:00}|sensor_zona_2|25.353181818181824|94.9090909090909 |
|{2026-08-16 23:17:00, 2026-08-16 23:18:00}|sensor_zona_4|27.09142857142857 |91.66666666666667|
|{2026-08-16 23:17:00, 2026-08-16 23:18:00}|sensor_zona_5|27.851428571428574|70.85714285714286|
|{2026-08-16 23:17:00, 2026-08-16 23:18:00}|sensor_zona_1|26.751304347826085|90.52173913043478|
|{2026-08-16 23:17:00, 2026-08-16 23:18:00}|sensor_zona_3|28.309655172413795|87.75862068965517|
|{2026-08-16 23:16:00, 2026-08-16 23:17:00}|sensor_zona_2|26.511111111111106|83.0             |
|{2026-08-16 23:16:00, 2026-08-16 23:17:00}|sensor_zona_1|27.303888888888892|95.55555555555556|
|{2026-08-16 23:16:00, 2026-08-16 23:17:00}|sensor_zona_3|27.523000000000003|91.9             |
|{2026-08-16 23:16:00, 2026-08-16 23:17:00}|sensor_zona_4|27.638749999999998|78.25            |
|{2026-08-16 23:16:00, 2026-08-16 23:17:00}|sensor_zona_5|26.948888888888884|80.5             |
+------------------------------------------+-------------+------------------+-----------------+

-------------------------------------------
Batch: 54
-------------------------------------------
+------------------------------------------+-------------+------------------+-----------------+
|window                                    |sensor_id    |avg_temperature   |avg_air_quality  |
+------------------------------------------+-------------+------------------+-----------------+
|{2026-08-16 23:17:00, 2026-08-16 23:18:00}|sensor_zona_2|24.91521739130435 |92.56521739130434|
|{2026-08-16 23:17:00, 2026-08-16 23:18:00}|sensor_zona_4|26.245652173913044|86.91304347826087|
|{2026-08-16 23:17:00, 2026-08-16 23:18:00}|sensor_zona_5|28.351333333333336|70.26666666666667|
|{2026-08-16 23:17:00, 2026-08-16 23:18:00}|sensor_zona_1|26.751304347826085|90.52173913043478|
|{2026-08-16 23:17:00, 2026-08-16 23:18:00}|sensor_zona_3|28.309655172413795|87.75862068965517|
|{2026-08-16 23:16:00, 2026-08-16 23:17:00}|sensor_zona_2|26.511111111111106|83.0             |
|{2026-08-16 23:16:00, 2026-08-16 23:17:00}|sensor_zona_1|27.303888888888892|95.55555555555556|
|{2026-08-16 23:16:00, 2026-08-16 23:17:00}|sensor_zona_3|27.523000000000003|91.9             |
|{2026-08-16 23:16:00, 2026-08-16 23:17:00}|sensor_zona_4|27.638749999999998|78.25            |
|{2026-08-16 23:16:00, 2026-08-16 23:17:00}|sensor_zona_5|26.948888888888884|80.5             |
+------------------------------------------+-------------+------------------+-----------------+

-------------------------------------------
Batch: 55
-------------------------------------------
+------------------------------------------+-------------+------------------+-----------------+
|window                                    |sensor_id    |avg_temperature   |avg_air_quality  |
+------------------------------------------+-------------+------------------+-----------------+
|{2026-08-16 23:17:00, 2026-08-16 23:18:00}|sensor_zona_2|24.92291666666667 |89.83333333333333|
|{2026-08-16 23:17:00, 2026-08-16 23:18:00}|sensor_zona_4|26.104400000000002|87.64            |
|{2026-08-16 23:17:00, 2026-08-16 23:18:00}|sensor_zona_5|28.351333333333336|70.26666666666667|
|{2026-08-16 23:17:00, 2026-08-16 23:18:00}|sensor_zona_1|26.751304347826085|90.52173913043478|
|{2026-08-16 23:17:00, 2026-08-16 23:18:00}|sensor_zona_3|28.309655172413795|87.75862068965517|
|{2026-08-16 23:16:00, 2026-08-16 23:17:00}|sensor_zona_2|26.511111111111106|83.0             |
|{2026-08-16 23:16:00, 2026-08-16 23:17:00}|sensor_zona_1|27.303888888888892|95.55555555555556|
|{2026-08-16 23:16:00, 2026-08-16 23:17:00}|sensor_zona_3|27.523000000000003|91.9             |
|{2026-08-16 23:16:00, 2026-08-16 23:17:00}|sensor_zona_4|27.638749999999998|78.25            |
|{2026-08-16 23:16:00, 2026-08-16 23:17:00}|sensor_zona_5|26.948888888888884|80.5             |
+------------------------------------------+-------------+------------------+-----------------+

-------------------------------------------
Batch: 56
-------------------------------------------
+------------------------------------------+-------------+------------------+-----------------+
|window                                    |sensor_id    |avg_temperature   |avg_air_quality  |
+------------------------------------------+-------------+------------------+-----------------+
|{2026-08-16 23:17:00, 2026-08-16 23:18:00}|sensor_zona_2|24.699200000000005|92.2             |
|{2026-08-16 23:17:00, 2026-08-16 23:18:00}|sensor_zona_4|25.76846153846154 |88.23076923076923|
|{2026-08-16 23:17:00, 2026-08-16 23:18:00}|sensor_zona_5|28.351333333333336|70.26666666666667|
|{2026-08-16 23:17:00, 2026-08-16 23:18:00}|sensor_zona_1|26.751304347826085|90.52173913043478|
|{2026-08-16 23:17:00, 2026-08-16 23:18:00}|sensor_zona_3|28.022333333333336|85.6             |
|{2026-08-16 23:16:00, 2026-08-16 23:17:00}|sensor_zona_2|26.511111111111106|83.0             |
|{2026-08-16 23:16:00, 2026-08-16 23:17:00}|sensor_zona_1|27.303888888888892|95.55555555555556|
|{2026-08-16 23:16:00, 2026-08-16 23:17:00}|sensor_zona_3|27.523000000000003|91.9             |
|{2026-08-16 23:16:00, 2026-08-16 23:17:00}|sensor_zona_4|27.638749999999998|78.25            |
|{2026-08-16 23:16:00, 2026-08-16 23:17:00}|sensor_zona_5|26.948888888888884|80.5             |
+------------------------------------------+-------------+------------------+-----------------+

-------------------------------------------
Batch: 57
-------------------------------------------
+------------------------------------------+-------------+------------------+-----------------+
|window                                    |sensor_id    |avg_temperature   |avg_air_quality  |
+------------------------------------------+-------------+------------------+-----------------+
|{2026-08-16 23:17:00, 2026-08-16 23:18:00}|sensor_zona_2|24.699200000000005|92.2             |
|{2026-08-16 23:17:00, 2026-08-16 23:18:00}|sensor_zona_4|25.76846153846154 |88.23076923076923|
|{2026-08-16 23:17:00, 2026-08-16 23:18:00}|sensor_zona_5|28.351333333333336|70.26666666666667|
|{2026-08-16 23:18:00, 2026-08-16 23:19:00}|sensor_zona_1|23.3              |89.0             |
|{2026-08-16 23:17:00, 2026-08-16 23:18:00}|sensor_zona_1|26.751304347826085|90.52173913043478|
|{2026-08-16 23:17:00, 2026-08-16 23:18:00}|sensor_zona_3|27.865806451612904|86.70967741935483|
|{2026-08-16 23:16:00, 2026-08-16 23:17:00}|sensor_zona_2|26.511111111111106|83.0             |
|{2026-08-16 23:18:00, 2026-08-16 23:19:00}|sensor_zona_2|23.98             |48.0             |
|{2026-08-16 23:16:00, 2026-08-16 23:17:00}|sensor_zona_1|27.303888888888892|95.55555555555556|
|{2026-08-16 23:16:00, 2026-08-16 23:17:00}|sensor_zona_3|27.523000000000003|91.9             |
|{2026-08-16 23:16:00, 2026-08-16 23:17:00}|sensor_zona_4|27.638749999999998|78.25            |
|{2026-08-16 23:16:00, 2026-08-16 23:17:00}|sensor_zona_5|26.948888888888884|80.5             |
+------------------------------------------+-------------+------------------+-----------------+

-------------------------------------------
Batch: 58
-------------------------------------------
+------------------------------------------+-------------+------------------+-----------------+
|window                                    |sensor_id    |avg_temperature   |avg_air_quality  |
+------------------------------------------+-------------+------------------+-----------------+
|{2026-08-16 23:17:00, 2026-08-16 23:18:00}|sensor_zona_2|24.699200000000005|92.2             |
|{2026-08-16 23:17:00, 2026-08-16 23:18:00}|sensor_zona_4|25.76846153846154 |88.23076923076923|
|{2026-08-16 23:17:00, 2026-08-16 23:18:00}|sensor_zona_5|28.351333333333336|70.26666666666667|
|{2026-08-16 23:18:00, 2026-08-16 23:19:00}|sensor_zona_1|23.3              |89.0             |
|{2026-08-16 23:17:00, 2026-08-16 23:18:00}|sensor_zona_1|26.751304347826085|90.52173913043478|
|{2026-08-16 23:17:00, 2026-08-16 23:18:00}|sensor_zona_3|27.865806451612904|86.70967741935483|
|{2026-08-16 23:16:00, 2026-08-16 23:17:00}|sensor_zona_2|26.511111111111106|83.0             |
|{2026-08-16 23:18:00, 2026-08-16 23:19:00}|sensor_zona_2|20.22             |95.0             |
|{2026-08-16 23:16:00, 2026-08-16 23:17:00}|sensor_zona_1|27.303888888888892|95.55555555555556|
|{2026-08-16 23:18:00, 2026-08-16 23:19:00}|sensor_zona_3|30.395            |83.5             |
|{2026-08-16 23:16:00, 2026-08-16 23:17:00}|sensor_zona_3|27.523000000000003|91.9             |
|{2026-08-16 23:16:00, 2026-08-16 23:17:00}|sensor_zona_4|27.638749999999998|78.25            |
|{2026-08-16 23:16:00, 2026-08-16 23:17:00}|sensor_zona_5|26.948888888888884|80.5             |
+------------------------------------------+-------------+------------------+-----------------+

-------------------------------------------
Batch: 59
-------------------------------------------
+------------------------------------------+-------------+------------------+-----------------+
|window                                    |sensor_id    |avg_temperature   |avg_air_quality  |
+------------------------------------------+-------------+------------------+-----------------+
|{2026-08-16 23:17:00, 2026-08-16 23:18:00}|sensor_zona_2|24.699200000000005|92.2             |
|{2026-08-16 23:17:00, 2026-08-16 23:18:00}|sensor_zona_4|25.76846153846154 |88.23076923076923|
|{2026-08-16 23:18:00, 2026-08-16 23:19:00}|sensor_zona_5|30.58             |98.5             |
|{2026-08-16 23:17:00, 2026-08-16 23:18:00}|sensor_zona_5|28.351333333333336|70.26666666666667|
|{2026-08-16 23:18:00, 2026-08-16 23:19:00}|sensor_zona_1|23.3              |89.0             |
|{2026-08-16 23:17:00, 2026-08-16 23:18:00}|sensor_zona_1|26.751304347826085|90.52173913043478|
|{2026-08-16 23:17:00, 2026-08-16 23:18:00}|sensor_zona_3|27.865806451612904|86.70967741935483|
|{2026-08-16 23:16:00, 2026-08-16 23:17:00}|sensor_zona_2|26.511111111111106|83.0             |
|{2026-08-16 23:18:00, 2026-08-16 23:19:00}|sensor_zona_2|25.513333333333332|93.66666666666667|
|{2026-08-16 23:16:00, 2026-08-16 23:17:00}|sensor_zona_1|27.303888888888892|95.55555555555556|
|{2026-08-16 23:18:00, 2026-08-16 23:19:00}|sensor_zona_3|30.395            |83.5             |
|{2026-08-16 23:16:00, 2026-08-16 23:17:00}|sensor_zona_3|27.523000000000003|91.9             |
|{2026-08-16 23:16:00, 2026-08-16 23:17:00}|sensor_zona_4|27.638749999999998|78.25            |
|{2026-08-16 23:16:00, 2026-08-16 23:17:00}|sensor_zona_5|26.948888888888884|80.5             |
+------------------------------------------+-------------+------------------+-----------------+

-------------------------------------------
Batch: 60
-------------------------------------------
+------------------------------------------+-------------+------------------+-----------------+
|window                                    |sensor_id    |avg_temperature   |avg_air_quality  |
+------------------------------------------+-------------+------------------+-----------------+
|{2026-08-16 23:17:00, 2026-08-16 23:18:00}|sensor_zona_2|24.699200000000005|92.2             |
|{2026-08-16 23:17:00, 2026-08-16 23:18:00}|sensor_zona_4|25.76846153846154 |88.23076923076923|
|{2026-08-16 23:18:00, 2026-08-16 23:19:00}|sensor_zona_5|29.774            |84.4             |
|{2026-08-16 23:17:00, 2026-08-16 23:18:00}|sensor_zona_5|28.351333333333336|70.26666666666667|
|{2026-08-16 23:18:00, 2026-08-16 23:19:00}|sensor_zona_1|30.064999999999998|74.0             |
|{2026-08-16 23:17:00, 2026-08-16 23:18:00}|sensor_zona_1|26.751304347826085|90.52173913043478|
|{2026-08-16 23:17:00, 2026-08-16 23:18:00}|sensor_zona_3|27.865806451612904|86.70967741935483|
|{2026-08-16 23:16:00, 2026-08-16 23:17:00}|sensor_zona_2|26.511111111111106|83.0             |
|{2026-08-16 23:18:00, 2026-08-16 23:19:00}|sensor_zona_2|25.513333333333332|93.66666666666667|
|{2026-08-16 23:16:00, 2026-08-16 23:17:00}|sensor_zona_1|27.303888888888892|95.55555555555556|
|{2026-08-16 23:18:00, 2026-08-16 23:19:00}|sensor_zona_3|30.395            |83.5             |
|{2026-08-16 23:16:00, 2026-08-16 23:17:00}|sensor_zona_3|27.523000000000003|91.9             |
|{2026-08-16 23:16:00, 2026-08-16 23:17:00}|sensor_zona_4|27.638749999999998|78.25            |
|{2026-08-16 23:16:00, 2026-08-16 23:17:00}|sensor_zona_5|26.948888888888884|80.5             |
+------------------------------------------+-------------+------------------+-----------------+

-------------------------------------------
Batch: 61
-------------------------------------------
+------------------------------------------+-------------+------------------+-----------------+
|window                                    |sensor_id    |avg_temperature   |avg_air_quality  |
+------------------------------------------+-------------+------------------+-----------------+
|{2026-08-16 23:17:00, 2026-08-16 23:18:00}|sensor_zona_2|24.699200000000005|92.2             |
|{2026-08-16 23:17:00, 2026-08-16 23:18:00}|sensor_zona_4|25.76846153846154 |88.23076923076923|
|{2026-08-16 23:18:00, 2026-08-16 23:19:00}|sensor_zona_5|29.774            |84.4             |
|{2026-08-16 23:17:00, 2026-08-16 23:18:00}|sensor_zona_5|28.351333333333336|70.26666666666667|
|{2026-08-16 23:18:00, 2026-08-16 23:19:00}|sensor_zona_1|30.064999999999998|74.0             |
|{2026-08-16 23:17:00, 2026-08-16 23:18:00}|sensor_zona_1|26.751304347826085|90.52173913043478|
|{2026-08-16 23:17:00, 2026-08-16 23:18:00}|sensor_zona_3|27.865806451612904|86.70967741935483|
|{2026-08-16 23:16:00, 2026-08-16 23:17:00}|sensor_zona_2|26.511111111111106|83.0             |
|{2026-08-16 23:18:00, 2026-08-16 23:19:00}|sensor_zona_2|24.891666666666666|82.16666666666667|
|{2026-08-16 23:16:00, 2026-08-16 23:17:00}|sensor_zona_1|27.303888888888892|95.55555555555556|
|{2026-08-16 23:18:00, 2026-08-16 23:19:00}|sensor_zona_3|30.395            |83.5             |
|{2026-08-16 23:16:00, 2026-08-16 23:17:00}|sensor_zona_3|27.523000000000003|91.9             |
|{2026-08-16 23:16:00, 2026-08-16 23:17:00}|sensor_zona_4|27.638749999999998|78.25            |
|{2026-08-16 23:16:00, 2026-08-16 23:17:00}|sensor_zona_5|26.948888888888884|80.5             |
+------------------------------------------+-------------+------------------+-----------------+

-------------------------------------------
Batch: 62
-------------------------------------------
+------------------------------------------+-------------+------------------+-----------------+
|window                                    |sensor_id    |avg_temperature   |avg_air_quality  |
+------------------------------------------+-------------+------------------+-----------------+
|{2026-08-16 23:17:00, 2026-08-16 23:18:00}|sensor_zona_2|24.699200000000005|92.2             |
|{2026-08-16 23:17:00, 2026-08-16 23:18:00}|sensor_zona_4|25.76846153846154 |88.23076923076923|
|{2026-08-16 23:18:00, 2026-08-16 23:19:00}|sensor_zona_5|29.774            |84.4             |
|{2026-08-16 23:17:00, 2026-08-16 23:18:00}|sensor_zona_5|28.351333333333336|70.26666666666667|
|{2026-08-16 23:18:00, 2026-08-16 23:19:00}|sensor_zona_1|27.47333333333333 |75.33333333333333|
|{2026-08-16 23:17:00, 2026-08-16 23:18:00}|sensor_zona_1|26.751304347826085|90.52173913043478|
|{2026-08-16 23:17:00, 2026-08-16 23:18:00}|sensor_zona_3|27.865806451612904|86.70967741935483|
|{2026-08-16 23:16:00, 2026-08-16 23:17:00}|sensor_zona_2|26.511111111111106|83.0             |
|{2026-08-16 23:18:00, 2026-08-16 23:19:00}|sensor_zona_2|26.26875          |97.75            |
|{2026-08-16 23:16:00, 2026-08-16 23:17:00}|sensor_zona_1|27.303888888888892|95.55555555555556|
|{2026-08-16 23:18:00, 2026-08-16 23:19:00}|sensor_zona_3|30.395            |83.5             |
|{2026-08-16 23:16:00, 2026-08-16 23:17:00}|sensor_zona_3|27.523000000000003|91.9             |
|{2026-08-16 23:16:00, 2026-08-16 23:17:00}|sensor_zona_4|27.638749999999998|78.25            |
|{2026-08-16 23:16:00, 2026-08-16 23:17:00}|sensor_zona_5|26.948888888888884|80.5             |
+------------------------------------------+-------------+------------------+-----------------+

-------------------------------------------
Batch: 63
-------------------------------------------
+------------------------------------------+-------------+------------------+------------------+
|window                                    |sensor_id    |avg_temperature   |avg_air_quality   |
+------------------------------------------+-------------+------------------+------------------+
|{2026-08-16 23:17:00, 2026-08-16 23:18:00}|sensor_zona_2|24.699200000000005|92.2              |
|{2026-08-16 23:17:00, 2026-08-16 23:18:00}|sensor_zona_4|25.76846153846154 |88.23076923076923 |
|{2026-08-16 23:18:00, 2026-08-16 23:19:00}|sensor_zona_5|29.774            |84.4              |
|{2026-08-16 23:17:00, 2026-08-16 23:18:00}|sensor_zona_5|28.351333333333336|70.26666666666667 |
|{2026-08-16 23:18:00, 2026-08-16 23:19:00}|sensor_zona_1|26.752499999999998|64.5              |
|{2026-08-16 23:17:00, 2026-08-16 23:18:00}|sensor_zona_1|26.751304347826085|90.52173913043478 |
|{2026-08-16 23:17:00, 2026-08-16 23:18:00}|sensor_zona_3|27.865806451612904|86.70967741935483 |
|{2026-08-16 23:16:00, 2026-08-16 23:17:00}|sensor_zona_2|26.511111111111106|83.0              |
|{2026-08-16 23:18:00, 2026-08-16 23:19:00}|sensor_zona_2|27.31666666666667 |90.44444444444444 |
|{2026-08-16 23:16:00, 2026-08-16 23:17:00}|sensor_zona_1|27.303888888888892|95.55555555555556 |
|{2026-08-16 23:18:00, 2026-08-16 23:19:00}|sensor_zona_3|28.883333333333336|103.33333333333333|
|{2026-08-16 23:16:00, 2026-08-16 23:17:00}|sensor_zona_3|27.523000000000003|91.9              |
|{2026-08-16 23:16:00, 2026-08-16 23:17:00}|sensor_zona_4|27.638749999999998|78.25             |
|{2026-08-16 23:16:00, 2026-08-16 23:17:00}|sensor_zona_5|26.948888888888884|80.5              |
+------------------------------------------+-------------+------------------+------------------+

-------------------------------------------
Batch: 64
-------------------------------------------
+------------------------------------------+-------------+------------------+------------------+
|window                                    |sensor_id    |avg_temperature   |avg_air_quality   |
+------------------------------------------+-------------+------------------+------------------+
|{2026-08-16 23:17:00, 2026-08-16 23:18:00}|sensor_zona_2|24.699200000000005|92.2              |
|{2026-08-16 23:17:00, 2026-08-16 23:18:00}|sensor_zona_4|25.76846153846154 |88.23076923076923 |
|{2026-08-16 23:18:00, 2026-08-16 23:19:00}|sensor_zona_5|30.316666666666666|85.83333333333333 |
|{2026-08-16 23:17:00, 2026-08-16 23:18:00}|sensor_zona_5|28.351333333333336|70.26666666666667 |
|{2026-08-16 23:18:00, 2026-08-16 23:19:00}|sensor_zona_1|25.054999999999996|84.33333333333333 |
|{2026-08-16 23:17:00, 2026-08-16 23:18:00}|sensor_zona_1|26.751304347826085|90.52173913043478 |
|{2026-08-16 23:17:00, 2026-08-16 23:18:00}|sensor_zona_3|27.865806451612904|86.70967741935483 |
|{2026-08-16 23:16:00, 2026-08-16 23:17:00}|sensor_zona_2|26.511111111111106|83.0              |
|{2026-08-16 23:18:00, 2026-08-16 23:19:00}|sensor_zona_2|27.31666666666667 |90.44444444444444 |
|{2026-08-16 23:16:00, 2026-08-16 23:17:00}|sensor_zona_1|27.303888888888892|95.55555555555556 |
|{2026-08-16 23:18:00, 2026-08-16 23:19:00}|sensor_zona_3|28.883333333333336|103.33333333333333|
|{2026-08-16 23:16:00, 2026-08-16 23:17:00}|sensor_zona_3|27.523000000000003|91.9              |
|{2026-08-16 23:16:00, 2026-08-16 23:17:00}|sensor_zona_4|27.638749999999998|78.25             |
|{2026-08-16 23:16:00, 2026-08-16 23:17:00}|sensor_zona_5|26.948888888888884|80.5              |
+------------------------------------------+-------------+------------------+------------------+

-------------------------------------------
Batch: 65
-------------------------------------------
+------------------------------------------+-------------+------------------+-----------------+
|window                                    |sensor_id    |avg_temperature   |avg_air_quality  |
+------------------------------------------+-------------+------------------+-----------------+
|{2026-08-16 23:17:00, 2026-08-16 23:18:00}|sensor_zona_2|24.699200000000005|92.2             |
|{2026-08-16 23:17:00, 2026-08-16 23:18:00}|sensor_zona_4|25.76846153846154 |88.23076923076923|
|{2026-08-16 23:18:00, 2026-08-16 23:19:00}|sensor_zona_5|29.083750000000002|86.875           |
|{2026-08-16 23:17:00, 2026-08-16 23:18:00}|sensor_zona_5|28.351333333333336|70.26666666666667|
|{2026-08-16 23:18:00, 2026-08-16 23:19:00}|sensor_zona_1|25.054999999999996|84.33333333333333|
|{2026-08-16 23:17:00, 2026-08-16 23:18:00}|sensor_zona_1|26.751304347826085|90.52173913043478|
|{2026-08-16 23:17:00, 2026-08-16 23:18:00}|sensor_zona_3|27.865806451612904|86.70967741935483|
|{2026-08-16 23:16:00, 2026-08-16 23:17:00}|sensor_zona_2|26.511111111111106|83.0             |
|{2026-08-16 23:18:00, 2026-08-16 23:19:00}|sensor_zona_2|27.387999999999998|90.5             |
|{2026-08-16 23:16:00, 2026-08-16 23:17:00}|sensor_zona_1|27.303888888888892|95.55555555555556|
|{2026-08-16 23:18:00, 2026-08-16 23:19:00}|sensor_zona_3|29.032500000000002|85.25            |
|{2026-08-16 23:16:00, 2026-08-16 23:17:00}|sensor_zona_3|27.523000000000003|91.9             |
|{2026-08-16 23:16:00, 2026-08-16 23:17:00}|sensor_zona_4|27.638749999999998|78.25            |
|{2026-08-16 23:16:00, 2026-08-16 23:17:00}|sensor_zona_5|26.948888888888884|80.5             |
+------------------------------------------+-------------+------------------+-----------------+

-------------------------------------------
Batch: 66
-------------------------------------------
+------------------------------------------+-------------+------------------+-----------------+
|window                                    |sensor_id    |avg_temperature   |avg_air_quality  |
+------------------------------------------+-------------+------------------+-----------------+
|{2026-08-16 23:17:00, 2026-08-16 23:18:00}|sensor_zona_2|24.699200000000005|92.2             |
|{2026-08-16 23:17:00, 2026-08-16 23:18:00}|sensor_zona_4|25.76846153846154 |88.23076923076923|
|{2026-08-16 23:18:00, 2026-08-16 23:19:00}|sensor_zona_5|29.083750000000002|86.875           |
|{2026-08-16 23:17:00, 2026-08-16 23:18:00}|sensor_zona_5|28.351333333333336|70.26666666666667|
|{2026-08-16 23:18:00, 2026-08-16 23:19:00}|sensor_zona_4|25.0              |109.0            |
|{2026-08-16 23:18:00, 2026-08-16 23:19:00}|sensor_zona_1|25.0              |80.71428571428571|
|{2026-08-16 23:17:00, 2026-08-16 23:18:00}|sensor_zona_1|26.751304347826085|90.52173913043478|
|{2026-08-16 23:17:00, 2026-08-16 23:18:00}|sensor_zona_3|27.865806451612904|86.70967741935483|
|{2026-08-16 23:16:00, 2026-08-16 23:17:00}|sensor_zona_2|26.511111111111106|83.0             |
|{2026-08-16 23:18:00, 2026-08-16 23:19:00}|sensor_zona_2|27.387999999999998|90.5             |
|{2026-08-16 23:16:00, 2026-08-16 23:17:00}|sensor_zona_1|27.303888888888892|95.55555555555556|
|{2026-08-16 23:18:00, 2026-08-16 23:19:00}|sensor_zona_3|26.262            |80.0             |
|{2026-08-16 23:16:00, 2026-08-16 23:17:00}|sensor_zona_3|27.523000000000003|91.9             |
|{2026-08-16 23:16:00, 2026-08-16 23:17:00}|sensor_zona_4|27.638749999999998|78.25            |
|{2026-08-16 23:16:00, 2026-08-16 23:17:00}|sensor_zona_5|26.948888888888884|80.5             |
+------------------------------------------+-------------+------------------+-----------------+

-------------------------------------------
Batch: 67
-------------------------------------------
+------------------------------------------+-------------+------------------+-----------------+
|window                                    |sensor_id    |avg_temperature   |avg_air_quality  |
+------------------------------------------+-------------+------------------+-----------------+
|{2026-08-16 23:17:00, 2026-08-16 23:18:00}|sensor_zona_2|24.699200000000005|92.2             |
|{2026-08-16 23:17:00, 2026-08-16 23:18:00}|sensor_zona_4|25.76846153846154 |88.23076923076923|
|{2026-08-16 23:18:00, 2026-08-16 23:19:00}|sensor_zona_5|29.619            |78.2             |
|{2026-08-16 23:17:00, 2026-08-16 23:18:00}|sensor_zona_5|28.351333333333336|70.26666666666667|
|{2026-08-16 23:18:00, 2026-08-16 23:19:00}|sensor_zona_4|25.0              |109.0            |
|{2026-08-16 23:18:00, 2026-08-16 23:19:00}|sensor_zona_1|25.0              |80.71428571428571|
|{2026-08-16 23:17:00, 2026-08-16 23:18:00}|sensor_zona_1|26.751304347826085|90.52173913043478|
|{2026-08-16 23:17:00, 2026-08-16 23:18:00}|sensor_zona_3|27.865806451612904|86.70967741935483|
|{2026-08-16 23:16:00, 2026-08-16 23:17:00}|sensor_zona_2|26.511111111111106|83.0             |
|{2026-08-16 23:18:00, 2026-08-16 23:19:00}|sensor_zona_2|27.387999999999998|90.5             |
|{2026-08-16 23:16:00, 2026-08-16 23:17:00}|sensor_zona_1|27.303888888888892|95.55555555555556|
|{2026-08-16 23:18:00, 2026-08-16 23:19:00}|sensor_zona_3|27.488333333333333|75.33333333333333|
|{2026-08-16 23:16:00, 2026-08-16 23:17:00}|sensor_zona_3|27.523000000000003|91.9             |
|{2026-08-16 23:16:00, 2026-08-16 23:17:00}|sensor_zona_4|27.638749999999998|78.25            |
|{2026-08-16 23:16:00, 2026-08-16 23:17:00}|sensor_zona_5|26.948888888888884|80.5             |
+------------------------------------------+-------------+------------------+-----------------+

-------------------------------------------
Batch: 68
-------------------------------------------
+------------------------------------------+-------------+------------------+-----------------+
|window                                    |sensor_id    |avg_temperature   |avg_air_quality  |
+------------------------------------------+-------------+------------------+-----------------+
|{2026-08-16 23:17:00, 2026-08-16 23:18:00}|sensor_zona_2|24.699200000000005|92.2             |
|{2026-08-16 23:17:00, 2026-08-16 23:18:00}|sensor_zona_4|25.76846153846154 |88.23076923076923|
|{2026-08-16 23:18:00, 2026-08-16 23:19:00}|sensor_zona_5|29.619            |78.2             |
|{2026-08-16 23:17:00, 2026-08-16 23:18:00}|sensor_zona_5|28.351333333333336|70.26666666666667|
|{2026-08-16 23:18:00, 2026-08-16 23:19:00}|sensor_zona_4|23.335            |88.5             |
|{2026-08-16 23:18:00, 2026-08-16 23:19:00}|sensor_zona_1|25.0              |80.71428571428571|
|{2026-08-16 23:17:00, 2026-08-16 23:18:00}|sensor_zona_1|26.751304347826085|90.52173913043478|
|{2026-08-16 23:17:00, 2026-08-16 23:18:00}|sensor_zona_3|27.865806451612904|86.70967741935483|
|{2026-08-16 23:16:00, 2026-08-16 23:17:00}|sensor_zona_2|26.511111111111106|83.0             |
|{2026-08-16 23:18:00, 2026-08-16 23:19:00}|sensor_zona_2|26.88             |89.75            |
|{2026-08-16 23:16:00, 2026-08-16 23:17:00}|sensor_zona_1|27.303888888888892|95.55555555555556|
|{2026-08-16 23:18:00, 2026-08-16 23:19:00}|sensor_zona_3|27.488333333333333|75.33333333333333|
|{2026-08-16 23:16:00, 2026-08-16 23:17:00}|sensor_zona_3|27.523000000000003|91.9             |
|{2026-08-16 23:16:00, 2026-08-16 23:17:00}|sensor_zona_4|27.638749999999998|78.25            |
|{2026-08-16 23:16:00, 2026-08-16 23:17:00}|sensor_zona_5|26.948888888888884|80.5             |
+------------------------------------------+-------------+------------------+-----------------+

-------------------------------------------
Batch: 69
-------------------------------------------
+------------------------------------------+-------------+------------------+-----------------+
|window                                    |sensor_id    |avg_temperature   |avg_air_quality  |
+------------------------------------------+-------------+------------------+-----------------+
|{2026-08-16 23:17:00, 2026-08-16 23:18:00}|sensor_zona_2|24.699200000000005|92.2             |
|{2026-08-16 23:17:00, 2026-08-16 23:18:00}|sensor_zona_4|25.76846153846154 |88.23076923076923|
|{2026-08-16 23:18:00, 2026-08-16 23:19:00}|sensor_zona_5|29.619            |78.2             |
|{2026-08-16 23:17:00, 2026-08-16 23:18:00}|sensor_zona_5|28.351333333333336|70.26666666666667|
|{2026-08-16 23:18:00, 2026-08-16 23:19:00}|sensor_zona_4|23.25             |79.33333333333333|
|{2026-08-16 23:18:00, 2026-08-16 23:19:00}|sensor_zona_1|25.0              |80.71428571428571|
|{2026-08-16 23:17:00, 2026-08-16 23:18:00}|sensor_zona_1|26.751304347826085|90.52173913043478|
|{2026-08-16 23:17:00, 2026-08-16 23:18:00}|sensor_zona_3|27.865806451612904|86.70967741935483|
|{2026-08-16 23:16:00, 2026-08-16 23:17:00}|sensor_zona_2|26.511111111111106|83.0             |
|{2026-08-16 23:18:00, 2026-08-16 23:19:00}|sensor_zona_2|26.380714285714284|88.92857142857143|
|{2026-08-16 23:16:00, 2026-08-16 23:17:00}|sensor_zona_1|27.303888888888892|95.55555555555556|
|{2026-08-16 23:18:00, 2026-08-16 23:19:00}|sensor_zona_3|27.488333333333333|75.33333333333333|
|{2026-08-16 23:16:00, 2026-08-16 23:17:00}|sensor_zona_3|27.523000000000003|91.9             |
|{2026-08-16 23:16:00, 2026-08-16 23:17:00}|sensor_zona_4|27.638749999999998|78.25            |
|{2026-08-16 23:16:00, 2026-08-16 23:17:00}|sensor_zona_5|26.948888888888884|80.5             |
+------------------------------------------+-------------+------------------+-----------------+

-------------------------------------------
Batch: 70
-------------------------------------------
+------------------------------------------+-------------+------------------+-----------------+
|window                                    |sensor_id    |avg_temperature   |avg_air_quality  |
+------------------------------------------+-------------+------------------+-----------------+
|{2026-08-16 23:17:00, 2026-08-16 23:18:00}|sensor_zona_2|24.699200000000005|92.2             |
|{2026-08-16 23:17:00, 2026-08-16 23:18:00}|sensor_zona_4|25.76846153846154 |88.23076923076923|
|{2026-08-16 23:18:00, 2026-08-16 23:19:00}|sensor_zona_5|29.439166666666665|75.66666666666667|
|{2026-08-16 23:17:00, 2026-08-16 23:18:00}|sensor_zona_5|28.351333333333336|70.26666666666667|
|{2026-08-16 23:18:00, 2026-08-16 23:19:00}|sensor_zona_4|23.25             |79.33333333333333|
|{2026-08-16 23:18:00, 2026-08-16 23:19:00}|sensor_zona_1|26.12875          |83.875           |
|{2026-08-16 23:17:00, 2026-08-16 23:18:00}|sensor_zona_1|26.751304347826085|90.52173913043478|
|{2026-08-16 23:17:00, 2026-08-16 23:18:00}|sensor_zona_3|27.865806451612904|86.70967741935483|
|{2026-08-16 23:16:00, 2026-08-16 23:17:00}|sensor_zona_2|26.511111111111106|83.0             |
|{2026-08-16 23:18:00, 2026-08-16 23:19:00}|sensor_zona_2|26.380714285714284|88.92857142857143|
|{2026-08-16 23:16:00, 2026-08-16 23:17:00}|sensor_zona_1|27.303888888888892|95.55555555555556|
|{2026-08-16 23:18:00, 2026-08-16 23:19:00}|sensor_zona_3|27.488333333333333|75.33333333333333|
|{2026-08-16 23:16:00, 2026-08-16 23:17:00}|sensor_zona_3|27.523000000000003|91.9             |
|{2026-08-16 23:16:00, 2026-08-16 23:17:00}|sensor_zona_4|27.638749999999998|78.25            |
|{2026-08-16 23:16:00, 2026-08-16 23:17:00}|sensor_zona_5|26.948888888888884|80.5             |
+------------------------------------------+-------------+------------------+-----------------+

-------------------------------------------
Batch: 71
-------------------------------------------
+------------------------------------------+-------------+------------------+-----------------+
|window                                    |sensor_id    |avg_temperature   |avg_air_quality  |
+------------------------------------------+-------------+------------------+-----------------+
|{2026-08-16 23:17:00, 2026-08-16 23:18:00}|sensor_zona_2|24.699200000000005|92.2             |
|{2026-08-16 23:17:00, 2026-08-16 23:18:00}|sensor_zona_4|25.76846153846154 |88.23076923076923|
|{2026-08-16 23:18:00, 2026-08-16 23:19:00}|sensor_zona_5|29.79692307692308 |80.23076923076923|
|{2026-08-16 23:17:00, 2026-08-16 23:18:00}|sensor_zona_5|28.351333333333336|70.26666666666667|
|{2026-08-16 23:18:00, 2026-08-16 23:19:00}|sensor_zona_4|23.25             |79.33333333333333|
|{2026-08-16 23:18:00, 2026-08-16 23:19:00}|sensor_zona_1|27.281111111111112|90.0             |
|{2026-08-16 23:17:00, 2026-08-16 23:18:00}|sensor_zona_1|26.751304347826085|90.52173913043478|
|{2026-08-16 23:17:00, 2026-08-16 23:18:00}|sensor_zona_3|27.865806451612904|86.70967741935483|
|{2026-08-16 23:16:00, 2026-08-16 23:17:00}|sensor_zona_2|26.511111111111106|83.0             |
|{2026-08-16 23:18:00, 2026-08-16 23:19:00}|sensor_zona_2|26.380714285714284|88.92857142857143|
|{2026-08-16 23:16:00, 2026-08-16 23:17:00}|sensor_zona_1|27.303888888888892|95.55555555555556|
|{2026-08-16 23:18:00, 2026-08-16 23:19:00}|sensor_zona_3|26.28857142857143 |84.0             |
|{2026-08-16 23:16:00, 2026-08-16 23:17:00}|sensor_zona_3|27.523000000000003|91.9             |
|{2026-08-16 23:16:00, 2026-08-16 23:17:00}|sensor_zona_4|27.638749999999998|78.25            |
|{2026-08-16 23:16:00, 2026-08-16 23:17:00}|sensor_zona_5|26.948888888888884|80.5             |
+------------------------------------------+-------------+------------------+-----------------+

-------------------------------------------
Batch: 72
-------------------------------------------
+------------------------------------------+-------------+------------------+-----------------+
|window                                    |sensor_id    |avg_temperature   |avg_air_quality  |
+------------------------------------------+-------------+------------------+-----------------+
|{2026-08-16 23:17:00, 2026-08-16 23:18:00}|sensor_zona_2|24.699200000000005|92.2             |
|{2026-08-16 23:17:00, 2026-08-16 23:18:00}|sensor_zona_4|25.76846153846154 |88.23076923076923|
|{2026-08-16 23:18:00, 2026-08-16 23:19:00}|sensor_zona_5|29.79692307692308 |80.23076923076923|
|{2026-08-16 23:17:00, 2026-08-16 23:18:00}|sensor_zona_5|28.351333333333336|70.26666666666667|
|{2026-08-16 23:18:00, 2026-08-16 23:19:00}|sensor_zona_4|23.25             |79.33333333333333|
|{2026-08-16 23:18:00, 2026-08-16 23:19:00}|sensor_zona_1|28.314999999999998|92.3             |
|{2026-08-16 23:17:00, 2026-08-16 23:18:00}|sensor_zona_1|26.751304347826085|90.52173913043478|
|{2026-08-16 23:17:00, 2026-08-16 23:18:00}|sensor_zona_3|27.865806451612904|86.70967741935483|
|{2026-08-16 23:16:00, 2026-08-16 23:17:00}|sensor_zona_2|26.511111111111106|83.0             |
|{2026-08-16 23:18:00, 2026-08-16 23:19:00}|sensor_zona_2|27.438125         |86.875           |
|{2026-08-16 23:16:00, 2026-08-16 23:17:00}|sensor_zona_1|27.303888888888892|95.55555555555556|
|{2026-08-16 23:18:00, 2026-08-16 23:19:00}|sensor_zona_3|26.28857142857143 |84.0             |
|{2026-08-16 23:16:00, 2026-08-16 23:17:00}|sensor_zona_3|27.523000000000003|91.9             |
|{2026-08-16 23:16:00, 2026-08-16 23:17:00}|sensor_zona_4|27.638749999999998|78.25            |
|{2026-08-16 23:16:00, 2026-08-16 23:17:00}|sensor_zona_5|26.948888888888884|80.5             |
+------------------------------------------+-------------+------------------+-----------------+

-------------------------------------------
Batch: 73
-------------------------------------------
+------------------------------------------+-------------+------------------+-----------------+
|window                                    |sensor_id    |avg_temperature   |avg_air_quality  |
+------------------------------------------+-------------+------------------+-----------------+
|{2026-08-16 23:17:00, 2026-08-16 23:18:00}|sensor_zona_2|24.699200000000005|92.2             |
|{2026-08-16 23:17:00, 2026-08-16 23:18:00}|sensor_zona_4|25.76846153846154 |88.23076923076923|
|{2026-08-16 23:18:00, 2026-08-16 23:19:00}|sensor_zona_5|29.78857142857143 |78.64285714285714|
|{2026-08-16 23:17:00, 2026-08-16 23:18:00}|sensor_zona_5|28.351333333333336|70.26666666666667|
|{2026-08-16 23:18:00, 2026-08-16 23:19:00}|sensor_zona_4|23.25             |79.33333333333333|
|{2026-08-16 23:18:00, 2026-08-16 23:19:00}|sensor_zona_1|28.04272727272727 |88.72727272727273|
|{2026-08-16 23:17:00, 2026-08-16 23:18:00}|sensor_zona_1|26.751304347826085|90.52173913043478|
|{2026-08-16 23:17:00, 2026-08-16 23:18:00}|sensor_zona_3|27.865806451612904|86.70967741935483|
|{2026-08-16 23:16:00, 2026-08-16 23:17:00}|sensor_zona_2|26.511111111111106|83.0             |
|{2026-08-16 23:18:00, 2026-08-16 23:19:00}|sensor_zona_2|27.438125         |86.875           |
|{2026-08-16 23:16:00, 2026-08-16 23:17:00}|sensor_zona_1|27.303888888888892|95.55555555555556|
|{2026-08-16 23:18:00, 2026-08-16 23:19:00}|sensor_zona_3|26.5425           |89.625           |
|{2026-08-16 23:16:00, 2026-08-16 23:17:00}|sensor_zona_3|27.523000000000003|91.9             |
|{2026-08-16 23:16:00, 2026-08-16 23:17:00}|sensor_zona_4|27.638749999999998|78.25            |
|{2026-08-16 23:16:00, 2026-08-16 23:17:00}|sensor_zona_5|26.948888888888884|80.5             |
+------------------------------------------+-------------+------------------+-----------------+

-------------------------------------------
Batch: 74
-------------------------------------------
+------------------------------------------+-------------+------------------+-----------------+
|window                                    |sensor_id    |avg_temperature   |avg_air_quality  |
+------------------------------------------+-------------+------------------+-----------------+
|{2026-08-16 23:17:00, 2026-08-16 23:18:00}|sensor_zona_2|24.699200000000005|92.2             |
|{2026-08-16 23:17:00, 2026-08-16 23:18:00}|sensor_zona_4|25.76846153846154 |88.23076923076923|
|{2026-08-16 23:18:00, 2026-08-16 23:19:00}|sensor_zona_5|29.78857142857143 |78.64285714285714|
|{2026-08-16 23:17:00, 2026-08-16 23:18:00}|sensor_zona_5|28.351333333333336|70.26666666666667|
|{2026-08-16 23:18:00, 2026-08-16 23:19:00}|sensor_zona_4|23.25             |79.33333333333333|
|{2026-08-16 23:18:00, 2026-08-16 23:19:00}|sensor_zona_1|27.49083333333333 |87.83333333333333|
|{2026-08-16 23:17:00, 2026-08-16 23:18:00}|sensor_zona_1|26.751304347826085|90.52173913043478|
|{2026-08-16 23:17:00, 2026-08-16 23:18:00}|sensor_zona_3|27.865806451612904|86.70967741935483|
|{2026-08-16 23:16:00, 2026-08-16 23:17:00}|sensor_zona_2|26.511111111111106|83.0             |
|{2026-08-16 23:18:00, 2026-08-16 23:19:00}|sensor_zona_2|27.979999999999997|87.6470588235294 |
|{2026-08-16 23:16:00, 2026-08-16 23:17:00}|sensor_zona_1|27.303888888888892|95.55555555555556|
|{2026-08-16 23:18:00, 2026-08-16 23:19:00}|sensor_zona_3|26.385555555555555|93.11111111111111|
|{2026-08-16 23:16:00, 2026-08-16 23:17:00}|sensor_zona_3|27.523000000000003|91.9             |
|{2026-08-16 23:16:00, 2026-08-16 23:17:00}|sensor_zona_4|27.638749999999998|78.25            |
|{2026-08-16 23:16:00, 2026-08-16 23:17:00}|sensor_zona_5|26.948888888888884|80.5             |
+------------------------------------------+-------------+------------------+-----------------+

-------------------------------------------
Batch: 75
-------------------------------------------
+------------------------------------------+-------------+------------------+-----------------+
|window                                    |sensor_id    |avg_temperature   |avg_air_quality  |
+------------------------------------------+-------------+------------------+-----------------+
|{2026-08-16 23:17:00, 2026-08-16 23:18:00}|sensor_zona_2|24.699200000000005|92.2             |
|{2026-08-16 23:17:00, 2026-08-16 23:18:00}|sensor_zona_4|25.76846153846154 |88.23076923076923|
|{2026-08-16 23:18:00, 2026-08-16 23:19:00}|sensor_zona_5|29.78857142857143 |78.64285714285714|
|{2026-08-16 23:17:00, 2026-08-16 23:18:00}|sensor_zona_5|28.351333333333336|70.26666666666667|
|{2026-08-16 23:18:00, 2026-08-16 23:19:00}|sensor_zona_4|23.25             |79.33333333333333|
|{2026-08-16 23:18:00, 2026-08-16 23:19:00}|sensor_zona_1|27.078571428571426|93.57142857142857|
|{2026-08-16 23:17:00, 2026-08-16 23:18:00}|sensor_zona_1|26.751304347826085|90.52173913043478|
|{2026-08-16 23:17:00, 2026-08-16 23:18:00}|sensor_zona_3|27.865806451612904|86.70967741935483|
|{2026-08-16 23:16:00, 2026-08-16 23:17:00}|sensor_zona_2|26.511111111111106|83.0             |
|{2026-08-16 23:18:00, 2026-08-16 23:19:00}|sensor_zona_2|28.14611111111111 |88.05555555555556|
|{2026-08-16 23:16:00, 2026-08-16 23:17:00}|sensor_zona_1|27.303888888888892|95.55555555555556|
|{2026-08-16 23:18:00, 2026-08-16 23:19:00}|sensor_zona_3|26.385555555555555|93.11111111111111|
|{2026-08-16 23:16:00, 2026-08-16 23:17:00}|sensor_zona_3|27.523000000000003|91.9             |
|{2026-08-16 23:16:00, 2026-08-16 23:17:00}|sensor_zona_4|27.638749999999998|78.25            |
|{2026-08-16 23:16:00, 2026-08-16 23:17:00}|sensor_zona_5|26.948888888888884|80.5             |
+------------------------------------------+-------------+------------------+-----------------+

-------------------------------------------
Batch: 76
-------------------------------------------
+------------------------------------------+-------------+------------------+-----------------+
|window                                    |sensor_id    |avg_temperature   |avg_air_quality  |
+------------------------------------------+-------------+------------------+-----------------+
|{2026-08-16 23:17:00, 2026-08-16 23:18:00}|sensor_zona_2|24.699200000000005|92.2             |
|{2026-08-16 23:17:00, 2026-08-16 23:18:00}|sensor_zona_4|25.76846153846154 |88.23076923076923|
|{2026-08-16 23:18:00, 2026-08-16 23:19:00}|sensor_zona_5|29.78857142857143 |78.64285714285714|
|{2026-08-16 23:17:00, 2026-08-16 23:18:00}|sensor_zona_5|28.351333333333336|70.26666666666667|
|{2026-08-16 23:18:00, 2026-08-16 23:19:00}|sensor_zona_4|23.25             |79.33333333333333|
|{2026-08-16 23:18:00, 2026-08-16 23:19:00}|sensor_zona_1|27.078571428571426|93.57142857142857|
|{2026-08-16 23:17:00, 2026-08-16 23:18:00}|sensor_zona_1|26.751304347826085|90.52173913043478|
|{2026-08-16 23:17:00, 2026-08-16 23:18:00}|sensor_zona_3|27.865806451612904|86.70967741935483|
|{2026-08-16 23:16:00, 2026-08-16 23:17:00}|sensor_zona_2|26.511111111111106|83.0             |
|{2026-08-16 23:18:00, 2026-08-16 23:19:00}|sensor_zona_2|28.342000000000002|89.8             |
|{2026-08-16 23:16:00, 2026-08-16 23:17:00}|sensor_zona_1|27.303888888888892|95.55555555555556|
|{2026-08-16 23:18:00, 2026-08-16 23:19:00}|sensor_zona_3|25.36             |89.7             |
|{2026-08-16 23:16:00, 2026-08-16 23:17:00}|sensor_zona_3|27.523000000000003|91.9             |
|{2026-08-16 23:16:00, 2026-08-16 23:17:00}|sensor_zona_4|27.638749999999998|78.25            |
|{2026-08-16 23:16:00, 2026-08-16 23:17:00}|sensor_zona_5|26.948888888888884|80.5             |
+------------------------------------------+-------------+------------------+-----------------+

-------------------------------------------
Batch: 77
-------------------------------------------
+------------------------------------------+-------------+------------------+-----------------+
|window                                    |sensor_id    |avg_temperature   |avg_air_quality  |
+------------------------------------------+-------------+------------------+-----------------+
|{2026-08-16 23:17:00, 2026-08-16 23:18:00}|sensor_zona_2|24.699200000000005|92.2             |
|{2026-08-16 23:17:00, 2026-08-16 23:18:00}|sensor_zona_4|25.76846153846154 |88.23076923076923|
|{2026-08-16 23:18:00, 2026-08-16 23:19:00}|sensor_zona_5|29.730000000000004|75.06666666666666|
|{2026-08-16 23:17:00, 2026-08-16 23:18:00}|sensor_zona_5|28.351333333333336|70.26666666666667|
|{2026-08-16 23:18:00, 2026-08-16 23:19:00}|sensor_zona_4|23.25             |79.33333333333333|
|{2026-08-16 23:18:00, 2026-08-16 23:19:00}|sensor_zona_1|27.078571428571426|93.57142857142857|
|{2026-08-16 23:17:00, 2026-08-16 23:18:00}|sensor_zona_1|26.751304347826085|90.52173913043478|
|{2026-08-16 23:17:00, 2026-08-16 23:18:00}|sensor_zona_3|27.865806451612904|86.70967741935483|
|{2026-08-16 23:16:00, 2026-08-16 23:17:00}|sensor_zona_2|26.511111111111106|83.0             |
|{2026-08-16 23:18:00, 2026-08-16 23:19:00}|sensor_zona_2|28.270952380952384|91.9047619047619 |
|{2026-08-16 23:16:00, 2026-08-16 23:17:00}|sensor_zona_1|27.303888888888892|95.55555555555556|
|{2026-08-16 23:18:00, 2026-08-16 23:19:00}|sensor_zona_3|24.662727272727274|93.45454545454545|
|{2026-08-16 23:16:00, 2026-08-16 23:17:00}|sensor_zona_3|27.523000000000003|91.9             |
|{2026-08-16 23:16:00, 2026-08-16 23:17:00}|sensor_zona_4|27.638749999999998|78.25            |
|{2026-08-16 23:16:00, 2026-08-16 23:17:00}|sensor_zona_5|26.948888888888884|80.5             |
+------------------------------------------+-------------+------------------+-----------------+

-------------------------------------------
Batch: 78
-------------------------------------------
+------------------------------------------+-------------+------------------+-----------------+
|window                                    |sensor_id    |avg_temperature   |avg_air_quality  |
+------------------------------------------+-------------+------------------+-----------------+
|{2026-08-16 23:17:00, 2026-08-16 23:18:00}|sensor_zona_2|24.699200000000005|92.2             |
|{2026-08-16 23:17:00, 2026-08-16 23:18:00}|sensor_zona_4|25.76846153846154 |88.23076923076923|
|{2026-08-16 23:18:00, 2026-08-16 23:19:00}|sensor_zona_5|29.730000000000004|75.06666666666666|
|{2026-08-16 23:17:00, 2026-08-16 23:18:00}|sensor_zona_5|28.351333333333336|70.26666666666667|
|{2026-08-16 23:18:00, 2026-08-16 23:19:00}|sensor_zona_4|23.25             |79.33333333333333|
|{2026-08-16 23:18:00, 2026-08-16 23:19:00}|sensor_zona_1|27.078571428571426|93.57142857142857|
|{2026-08-16 23:17:00, 2026-08-16 23:18:00}|sensor_zona_1|26.751304347826085|90.52173913043478|
|{2026-08-16 23:17:00, 2026-08-16 23:18:00}|sensor_zona_3|27.865806451612904|86.70967741935483|
|{2026-08-16 23:16:00, 2026-08-16 23:17:00}|sensor_zona_2|26.511111111111106|83.0             |
|{2026-08-16 23:18:00, 2026-08-16 23:19:00}|sensor_zona_2|27.743913043478262|94.43478260869566|
|{2026-08-16 23:16:00, 2026-08-16 23:17:00}|sensor_zona_1|27.303888888888892|95.55555555555556|
|{2026-08-16 23:18:00, 2026-08-16 23:19:00}|sensor_zona_3|25.25583333333334 |93.58333333333333|
|{2026-08-16 23:16:00, 2026-08-16 23:17:00}|sensor_zona_3|27.523000000000003|91.9             |
|{2026-08-16 23:16:00, 2026-08-16 23:17:00}|sensor_zona_4|27.638749999999998|78.25            |
|{2026-08-16 23:16:00, 2026-08-16 23:17:00}|sensor_zona_5|26.948888888888884|80.5             |
+------------------------------------------+-------------+------------------+-----------------+

-------------------------------------------
Batch: 79
-------------------------------------------
+------------------------------------------+-------------+------------------+-----------------+
|window                                    |sensor_id    |avg_temperature   |avg_air_quality  |
+------------------------------------------+-------------+------------------+-----------------+
|{2026-08-16 23:17:00, 2026-08-16 23:18:00}|sensor_zona_2|24.699200000000005|92.2             |
|{2026-08-16 23:17:00, 2026-08-16 23:18:00}|sensor_zona_4|25.76846153846154 |88.23076923076923|
|{2026-08-16 23:18:00, 2026-08-16 23:19:00}|sensor_zona_5|28.79529411764706 |72.23529411764706|
|{2026-08-16 23:17:00, 2026-08-16 23:18:00}|sensor_zona_5|28.351333333333336|70.26666666666667|
|{2026-08-16 23:18:00, 2026-08-16 23:19:00}|sensor_zona_4|23.25             |79.33333333333333|
|{2026-08-16 23:18:00, 2026-08-16 23:19:00}|sensor_zona_1|27.078571428571426|93.57142857142857|
|{2026-08-16 23:17:00, 2026-08-16 23:18:00}|sensor_zona_1|26.751304347826085|90.52173913043478|
|{2026-08-16 23:17:00, 2026-08-16 23:18:00}|sensor_zona_3|27.865806451612904|86.70967741935483|
|{2026-08-16 23:16:00, 2026-08-16 23:17:00}|sensor_zona_2|26.511111111111106|83.0             |
|{2026-08-16 23:18:00, 2026-08-16 23:19:00}|sensor_zona_2|27.743913043478262|94.43478260869566|
|{2026-08-16 23:16:00, 2026-08-16 23:17:00}|sensor_zona_1|27.303888888888892|95.55555555555556|
|{2026-08-16 23:18:00, 2026-08-16 23:19:00}|sensor_zona_3|24.490769230769235|97.6923076923077 |
|{2026-08-16 23:16:00, 2026-08-16 23:17:00}|sensor_zona_3|27.523000000000003|91.9             |
|{2026-08-16 23:16:00, 2026-08-16 23:17:00}|sensor_zona_4|27.638749999999998|78.25            |
|{2026-08-16 23:16:00, 2026-08-16 23:17:00}|sensor_zona_5|26.948888888888884|80.5             |
+------------------------------------------+-------------+------------------+-----------------+

-------------------------------------------
Batch: 80
-------------------------------------------
+------------------------------------------+-------------+------------------+-----------------+
|window                                    |sensor_id    |avg_temperature   |avg_air_quality  |
+------------------------------------------+-------------+------------------+-----------------+
|{2026-08-16 23:17:00, 2026-08-16 23:18:00}|sensor_zona_2|24.699200000000005|92.2             |
|{2026-08-16 23:17:00, 2026-08-16 23:18:00}|sensor_zona_4|25.76846153846154 |88.23076923076923|
|{2026-08-16 23:18:00, 2026-08-16 23:19:00}|sensor_zona_5|28.954444444444448|71.5             |
|{2026-08-16 23:17:00, 2026-08-16 23:18:00}|sensor_zona_5|28.351333333333336|70.26666666666667|
|{2026-08-16 23:18:00, 2026-08-16 23:19:00}|sensor_zona_4|23.25             |79.33333333333333|
|{2026-08-16 23:18:00, 2026-08-16 23:19:00}|sensor_zona_1|27.894374999999997|94.75            |
|{2026-08-16 23:17:00, 2026-08-16 23:18:00}|sensor_zona_1|26.751304347826085|90.52173913043478|
|{2026-08-16 23:17:00, 2026-08-16 23:18:00}|sensor_zona_3|27.865806451612904|86.70967741935483|
|{2026-08-16 23:16:00, 2026-08-16 23:17:00}|sensor_zona_2|26.511111111111106|83.0             |
|{2026-08-16 23:18:00, 2026-08-16 23:19:00}|sensor_zona_2|27.743913043478262|94.43478260869566|
|{2026-08-16 23:16:00, 2026-08-16 23:17:00}|sensor_zona_1|27.303888888888892|95.55555555555556|
|{2026-08-16 23:18:00, 2026-08-16 23:19:00}|sensor_zona_3|24.490769230769235|97.6923076923077 |
|{2026-08-16 23:16:00, 2026-08-16 23:17:00}|sensor_zona_3|27.523000000000003|91.9             |
|{2026-08-16 23:16:00, 2026-08-16 23:17:00}|sensor_zona_4|27.638749999999998|78.25            |
|{2026-08-16 23:16:00, 2026-08-16 23:17:00}|sensor_zona_5|26.948888888888884|80.5             |
+------------------------------------------+-------------+------------------+-----------------+

-------------------------------------------
Batch: 81
-------------------------------------------
+------------------------------------------+-------------+------------------+-----------------+
|window                                    |sensor_id    |avg_temperature   |avg_air_quality  |
+------------------------------------------+-------------+------------------+-----------------+
|{2026-08-16 23:17:00, 2026-08-16 23:18:00}|sensor_zona_2|24.699200000000005|92.2             |
|{2026-08-16 23:17:00, 2026-08-16 23:18:00}|sensor_zona_4|25.76846153846154 |88.23076923076923|
|{2026-08-16 23:18:00, 2026-08-16 23:19:00}|sensor_zona_5|28.368421052631586|72.63157894736842|
|{2026-08-16 23:17:00, 2026-08-16 23:18:00}|sensor_zona_5|28.351333333333336|70.26666666666667|
|{2026-08-16 23:18:00, 2026-08-16 23:19:00}|sensor_zona_4|23.25             |79.33333333333333|
|{2026-08-16 23:18:00, 2026-08-16 23:19:00}|sensor_zona_1|27.894374999999997|94.75            |
|{2026-08-16 23:17:00, 2026-08-16 23:18:00}|sensor_zona_1|26.751304347826085|90.52173913043478|
|{2026-08-16 23:17:00, 2026-08-16 23:18:00}|sensor_zona_3|27.865806451612904|86.70967741935483|
|{2026-08-16 23:16:00, 2026-08-16 23:17:00}|sensor_zona_2|26.511111111111106|83.0             |
|{2026-08-16 23:18:00, 2026-08-16 23:19:00}|sensor_zona_2|27.423333333333332|93.125           |
|{2026-08-16 23:16:00, 2026-08-16 23:17:00}|sensor_zona_1|27.303888888888892|95.55555555555556|
|{2026-08-16 23:18:00, 2026-08-16 23:19:00}|sensor_zona_3|24.390000000000004|99.42857142857143|
|{2026-08-16 23:16:00, 2026-08-16 23:17:00}|sensor_zona_3|27.523000000000003|91.9             |
|{2026-08-16 23:16:00, 2026-08-16 23:17:00}|sensor_zona_4|27.638749999999998|78.25            |
|{2026-08-16 23:16:00, 2026-08-16 23:17:00}|sensor_zona_5|26.948888888888884|80.5             |
+------------------------------------------+-------------+------------------+-----------------+

-------------------------------------------
Batch: 82
-------------------------------------------
+------------------------------------------+-------------+------------------+------------------+
|window                                    |sensor_id    |avg_temperature   |avg_air_quality   |
+------------------------------------------+-------------+------------------+------------------+
|{2026-08-16 23:17:00, 2026-08-16 23:18:00}|sensor_zona_2|24.699200000000005|92.2              |
|{2026-08-16 23:17:00, 2026-08-16 23:18:00}|sensor_zona_4|25.76846153846154 |88.23076923076923 |
|{2026-08-16 23:18:00, 2026-08-16 23:19:00}|sensor_zona_5|28.368421052631586|72.63157894736842 |
|{2026-08-16 23:17:00, 2026-08-16 23:18:00}|sensor_zona_5|28.351333333333336|70.26666666666667 |
|{2026-08-16 23:18:00, 2026-08-16 23:19:00}|sensor_zona_4|23.25             |79.33333333333333 |
|{2026-08-16 23:18:00, 2026-08-16 23:19:00}|sensor_zona_1|28.11411764705882 |91.11764705882354 |
|{2026-08-16 23:17:00, 2026-08-16 23:18:00}|sensor_zona_1|26.751304347826085|90.52173913043478 |
|{2026-08-16 23:17:00, 2026-08-16 23:18:00}|sensor_zona_3|27.865806451612904|86.70967741935483 |
|{2026-08-16 23:16:00, 2026-08-16 23:17:00}|sensor_zona_2|26.511111111111106|83.0              |
|{2026-08-16 23:18:00, 2026-08-16 23:19:00}|sensor_zona_2|27.2256           |95.36             |
|{2026-08-16 23:16:00, 2026-08-16 23:17:00}|sensor_zona_1|27.303888888888892|95.55555555555556 |
|{2026-08-16 23:18:00, 2026-08-16 23:19:00}|sensor_zona_3|24.925333333333338|102.13333333333334|
|{2026-08-16 23:16:00, 2026-08-16 23:17:00}|sensor_zona_3|27.523000000000003|91.9              |
|{2026-08-16 23:16:00, 2026-08-16 23:17:00}|sensor_zona_4|27.638749999999998|78.25             |
|{2026-08-16 23:16:00, 2026-08-16 23:17:00}|sensor_zona_5|26.948888888888884|80.5              |
+------------------------------------------+-------------+------------------+------------------+

-------------------------------------------
Batch: 83
-------------------------------------------
+------------------------------------------+-------------+------------------+-----------------+
|window                                    |sensor_id    |avg_temperature   |avg_air_quality  |
+------------------------------------------+-------------+------------------+-----------------+
|{2026-08-16 23:17:00, 2026-08-16 23:18:00}|sensor_zona_2|24.699200000000005|92.2             |
|{2026-08-16 23:17:00, 2026-08-16 23:18:00}|sensor_zona_4|25.76846153846154 |88.23076923076923|
|{2026-08-16 23:18:00, 2026-08-16 23:19:00}|sensor_zona_5|28.368421052631586|72.63157894736842|
|{2026-08-16 23:17:00, 2026-08-16 23:18:00}|sensor_zona_5|28.351333333333336|70.26666666666667|
|{2026-08-16 23:18:00, 2026-08-16 23:19:00}|sensor_zona_4|26.497500000000002|88.75            |
|{2026-08-16 23:18:00, 2026-08-16 23:19:00}|sensor_zona_1|28.11411764705882 |91.11764705882354|
|{2026-08-16 23:17:00, 2026-08-16 23:18:00}|sensor_zona_1|26.751304347826085|90.52173913043478|
|{2026-08-16 23:17:00, 2026-08-16 23:18:00}|sensor_zona_3|27.865806451612904|86.70967741935483|
|{2026-08-16 23:16:00, 2026-08-16 23:17:00}|sensor_zona_2|26.511111111111106|83.0             |
|{2026-08-16 23:18:00, 2026-08-16 23:19:00}|sensor_zona_2|27.381153846153843|95.92307692307692|
|{2026-08-16 23:16:00, 2026-08-16 23:17:00}|sensor_zona_1|27.303888888888892|95.55555555555556|
|{2026-08-16 23:18:00, 2026-08-16 23:19:00}|sensor_zona_3|25.709375         |97.3125          |
|{2026-08-16 23:16:00, 2026-08-16 23:17:00}|sensor_zona_3|27.523000000000003|91.9             |
|{2026-08-16 23:16:00, 2026-08-16 23:17:00}|sensor_zona_4|27.638749999999998|78.25            |
|{2026-08-16 23:16:00, 2026-08-16 23:17:00}|sensor_zona_5|26.948888888888884|80.5             |
+------------------------------------------+-------------+------------------+-----------------+

-------------------------------------------
Batch: 84
-------------------------------------------
+------------------------------------------+-------------+------------------+-----------------+
|window                                    |sensor_id    |avg_temperature   |avg_air_quality  |
+------------------------------------------+-------------+------------------+-----------------+
|{2026-08-16 23:17:00, 2026-08-16 23:18:00}|sensor_zona_2|24.699200000000005|92.2             |
|{2026-08-16 23:17:00, 2026-08-16 23:18:00}|sensor_zona_4|25.76846153846154 |88.23076923076923|
|{2026-08-16 23:18:00, 2026-08-16 23:19:00}|sensor_zona_5|28.4952380952381  |73.0952380952381 |
|{2026-08-16 23:17:00, 2026-08-16 23:18:00}|sensor_zona_5|28.351333333333336|70.26666666666667|
|{2026-08-16 23:18:00, 2026-08-16 23:19:00}|sensor_zona_4|26.497500000000002|88.75            |
|{2026-08-16 23:18:00, 2026-08-16 23:19:00}|sensor_zona_1|28.11411764705882 |91.11764705882354|
|{2026-08-16 23:17:00, 2026-08-16 23:18:00}|sensor_zona_1|26.751304347826085|90.52173913043478|
|{2026-08-16 23:17:00, 2026-08-16 23:18:00}|sensor_zona_3|27.865806451612904|86.70967741935483|
|{2026-08-16 23:16:00, 2026-08-16 23:17:00}|sensor_zona_2|26.511111111111106|83.0             |
|{2026-08-16 23:18:00, 2026-08-16 23:19:00}|sensor_zona_2|27.02592592592592 |95.85185185185185|
|{2026-08-16 23:16:00, 2026-08-16 23:17:00}|sensor_zona_1|27.303888888888892|95.55555555555556|
|{2026-08-16 23:18:00, 2026-08-16 23:19:00}|sensor_zona_3|25.709375         |97.3125          |
|{2026-08-16 23:16:00, 2026-08-16 23:17:00}|sensor_zona_3|27.523000000000003|91.9             |
|{2026-08-16 23:16:00, 2026-08-16 23:17:00}|sensor_zona_4|27.638749999999998|78.25            |
|{2026-08-16 23:16:00, 2026-08-16 23:17:00}|sensor_zona_5|26.948888888888884|80.5             |
+------------------------------------------+-------------+------------------+-----------------+

-------------------------------------------
Batch: 85
-------------------------------------------
+------------------------------------------+-------------+------------------+-----------------+
|window                                    |sensor_id    |avg_temperature   |avg_air_quality  |
+------------------------------------------+-------------+------------------+-----------------+
|{2026-08-16 23:17:00, 2026-08-16 23:18:00}|sensor_zona_2|24.699200000000005|92.2             |
|{2026-08-16 23:17:00, 2026-08-16 23:18:00}|sensor_zona_4|25.76846153846154 |88.23076923076923|
|{2026-08-16 23:18:00, 2026-08-16 23:19:00}|sensor_zona_5|28.4952380952381  |73.0952380952381 |
|{2026-08-16 23:17:00, 2026-08-16 23:18:00}|sensor_zona_5|28.351333333333336|70.26666666666667|
|{2026-08-16 23:18:00, 2026-08-16 23:19:00}|sensor_zona_4|26.113999999999997|80.4             |
|{2026-08-16 23:18:00, 2026-08-16 23:19:00}|sensor_zona_1|27.42444444444444 |93.83333333333333|
|{2026-08-16 23:17:00, 2026-08-16 23:18:00}|sensor_zona_1|26.751304347826085|90.52173913043478|
|{2026-08-16 23:17:00, 2026-08-16 23:18:00}|sensor_zona_3|27.865806451612904|86.70967741935483|
|{2026-08-16 23:16:00, 2026-08-16 23:17:00}|sensor_zona_2|26.511111111111106|83.0             |
|{2026-08-16 23:18:00, 2026-08-16 23:19:00}|sensor_zona_2|27.02592592592592 |95.85185185185185|
|{2026-08-16 23:16:00, 2026-08-16 23:17:00}|sensor_zona_1|27.303888888888892|95.55555555555556|
|{2026-08-16 23:18:00, 2026-08-16 23:19:00}|sensor_zona_3|25.615882352941178|97.29411764705883|
|{2026-08-16 23:16:00, 2026-08-16 23:17:00}|sensor_zona_3|27.523000000000003|91.9             |
|{2026-08-16 23:16:00, 2026-08-16 23:17:00}|sensor_zona_4|27.638749999999998|78.25            |
|{2026-08-16 23:16:00, 2026-08-16 23:17:00}|sensor_zona_5|26.948888888888884|80.5             |
+------------------------------------------+-------------+------------------+-----------------+

-------------------------------------------
Batch: 86
-------------------------------------------
+------------------------------------------+-------------+------------------+-----------------+
|window                                    |sensor_id    |avg_temperature   |avg_air_quality  |
+------------------------------------------+-------------+------------------+-----------------+
|{2026-08-16 23:17:00, 2026-08-16 23:18:00}|sensor_zona_2|24.699200000000005|92.2             |
|{2026-08-16 23:17:00, 2026-08-16 23:18:00}|sensor_zona_4|25.76846153846154 |88.23076923076923|
|{2026-08-16 23:18:00, 2026-08-16 23:19:00}|sensor_zona_5|28.516956521739136|73.0             |
|{2026-08-16 23:17:00, 2026-08-16 23:18:00}|sensor_zona_5|28.351333333333336|70.26666666666667|
|{2026-08-16 23:18:00, 2026-08-16 23:19:00}|sensor_zona_4|26.113999999999997|80.4             |
|{2026-08-16 23:18:00, 2026-08-16 23:19:00}|sensor_zona_1|27.42444444444444 |93.83333333333333|
|{2026-08-16 23:17:00, 2026-08-16 23:18:00}|sensor_zona_1|26.751304347826085|90.52173913043478|
|{2026-08-16 23:17:00, 2026-08-16 23:18:00}|sensor_zona_3|27.865806451612904|86.70967741935483|
|{2026-08-16 23:16:00, 2026-08-16 23:17:00}|sensor_zona_2|26.511111111111106|83.0             |
|{2026-08-16 23:18:00, 2026-08-16 23:19:00}|sensor_zona_2|26.69535714285714 |94.10714285714286|
|{2026-08-16 23:16:00, 2026-08-16 23:17:00}|sensor_zona_1|27.303888888888892|95.55555555555556|
|{2026-08-16 23:18:00, 2026-08-16 23:19:00}|sensor_zona_3|25.615882352941178|97.29411764705883|
|{2026-08-16 23:16:00, 2026-08-16 23:17:00}|sensor_zona_3|27.523000000000003|91.9             |
|{2026-08-16 23:16:00, 2026-08-16 23:17:00}|sensor_zona_4|27.638749999999998|78.25            |
|{2026-08-16 23:16:00, 2026-08-16 23:17:00}|sensor_zona_5|26.948888888888884|80.5             |
+------------------------------------------+-------------+------------------+-----------------+

-------------------------------------------
Batch: 87
-------------------------------------------
+------------------------------------------+-------------+------------------+-----------------+
|window                                    |sensor_id    |avg_temperature   |avg_air_quality  |
+------------------------------------------+-------------+------------------+-----------------+
|{2026-08-16 23:17:00, 2026-08-16 23:18:00}|sensor_zona_2|24.699200000000005|92.2             |
|{2026-08-16 23:17:00, 2026-08-16 23:18:00}|sensor_zona_4|25.76846153846154 |88.23076923076923|
|{2026-08-16 23:18:00, 2026-08-16 23:19:00}|sensor_zona_5|28.516956521739136|73.0             |
|{2026-08-16 23:17:00, 2026-08-16 23:18:00}|sensor_zona_5|28.351333333333336|70.26666666666667|
|{2026-08-16 23:18:00, 2026-08-16 23:19:00}|sensor_zona_4|26.706249999999997|81.125           |
|{2026-08-16 23:18:00, 2026-08-16 23:19:00}|sensor_zona_1|27.42444444444444 |93.83333333333333|
|{2026-08-16 23:17:00, 2026-08-16 23:18:00}|sensor_zona_1|26.751304347826085|90.52173913043478|
|{2026-08-16 23:17:00, 2026-08-16 23:18:00}|sensor_zona_3|27.865806451612904|86.70967741935483|
|{2026-08-16 23:16:00, 2026-08-16 23:17:00}|sensor_zona_2|26.511111111111106|83.0             |
|{2026-08-16 23:18:00, 2026-08-16 23:19:00}|sensor_zona_2|26.69535714285714 |94.10714285714286|
|{2026-08-16 23:16:00, 2026-08-16 23:17:00}|sensor_zona_1|27.303888888888892|95.55555555555556|
|{2026-08-16 23:18:00, 2026-08-16 23:19:00}|sensor_zona_3|25.615882352941178|97.29411764705883|
|{2026-08-16 23:16:00, 2026-08-16 23:17:00}|sensor_zona_3|27.523000000000003|91.9             |
|{2026-08-16 23:16:00, 2026-08-16 23:17:00}|sensor_zona_4|27.638749999999998|78.25            |
|{2026-08-16 23:16:00, 2026-08-16 23:17:00}|sensor_zona_5|26.948888888888884|80.5             |
+------------------------------------------+-------------+------------------+-----------------+

-------------------------------------------
Batch: 88
-------------------------------------------
+------------------------------------------+-------------+------------------+-----------------+
|window                                    |sensor_id    |avg_temperature   |avg_air_quality  |
+------------------------------------------+-------------+------------------+-----------------+
|{2026-08-16 23:17:00, 2026-08-16 23:18:00}|sensor_zona_2|24.699200000000005|92.2             |
|{2026-08-16 23:17:00, 2026-08-16 23:18:00}|sensor_zona_4|25.76846153846154 |88.23076923076923|
|{2026-08-16 23:18:00, 2026-08-16 23:19:00}|sensor_zona_5|28.516956521739136|73.0             |
|{2026-08-16 23:17:00, 2026-08-16 23:18:00}|sensor_zona_5|28.351333333333336|70.26666666666667|
|{2026-08-16 23:18:00, 2026-08-16 23:19:00}|sensor_zona_4|26.26444444444444 |78.77777777777777|
|{2026-08-16 23:18:00, 2026-08-16 23:19:00}|sensor_zona_1|27.42444444444444 |93.83333333333333|
|{2026-08-16 23:17:00, 2026-08-16 23:18:00}|sensor_zona_1|26.751304347826085|90.52173913043478|
|{2026-08-16 23:17:00, 2026-08-16 23:18:00}|sensor_zona_3|27.865806451612904|86.70967741935483|
|{2026-08-16 23:16:00, 2026-08-16 23:17:00}|sensor_zona_2|26.511111111111106|83.0             |
|{2026-08-16 23:18:00, 2026-08-16 23:19:00}|sensor_zona_2|26.69535714285714 |94.10714285714286|
|{2026-08-16 23:16:00, 2026-08-16 23:17:00}|sensor_zona_1|27.303888888888892|95.55555555555556|
|{2026-08-16 23:18:00, 2026-08-16 23:19:00}|sensor_zona_3|25.24947368421053 |93.15789473684211|
|{2026-08-16 23:16:00, 2026-08-16 23:17:00}|sensor_zona_3|27.523000000000003|91.9             |
|{2026-08-16 23:16:00, 2026-08-16 23:17:00}|sensor_zona_4|27.638749999999998|78.25            |
|{2026-08-16 23:16:00, 2026-08-16 23:17:00}|sensor_zona_5|26.948888888888884|80.5             |
+------------------------------------------+-------------+------------------+-----------------+

-------------------------------------------
Batch: 89
-------------------------------------------
+------------------------------------------+-------------+------------------+-----------------+
|window                                    |sensor_id    |avg_temperature   |avg_air_quality  |
+------------------------------------------+-------------+------------------+-----------------+
|{2026-08-16 23:17:00, 2026-08-16 23:18:00}|sensor_zona_2|24.699200000000005|92.2             |
|{2026-08-16 23:17:00, 2026-08-16 23:18:00}|sensor_zona_4|25.76846153846154 |88.23076923076923|
|{2026-08-16 23:18:00, 2026-08-16 23:19:00}|sensor_zona_5|28.064583333333335|71.16666666666667|
|{2026-08-16 23:17:00, 2026-08-16 23:18:00}|sensor_zona_5|28.351333333333336|70.26666666666667|
|{2026-08-16 23:18:00, 2026-08-16 23:19:00}|sensor_zona_4|26.26444444444444 |78.77777777777777|
|{2026-08-16 23:18:00, 2026-08-16 23:19:00}|sensor_zona_1|27.42444444444444 |93.83333333333333|
|{2026-08-16 23:17:00, 2026-08-16 23:18:00}|sensor_zona_1|26.751304347826085|90.52173913043478|
|{2026-08-16 23:17:00, 2026-08-16 23:18:00}|sensor_zona_3|27.865806451612904|86.70967741935483|
|{2026-08-16 23:16:00, 2026-08-16 23:17:00}|sensor_zona_2|26.511111111111106|83.0             |
|{2026-08-16 23:18:00, 2026-08-16 23:19:00}|sensor_zona_2|26.70033333333333 |93.86666666666666|
|{2026-08-16 23:16:00, 2026-08-16 23:17:00}|sensor_zona_1|27.303888888888892|95.55555555555556|
|{2026-08-16 23:18:00, 2026-08-16 23:19:00}|sensor_zona_3|25.24947368421053 |93.15789473684211|
|{2026-08-16 23:16:00, 2026-08-16 23:17:00}|sensor_zona_3|27.523000000000003|91.9             |
|{2026-08-16 23:16:00, 2026-08-16 23:17:00}|sensor_zona_4|27.638749999999998|78.25            |
|{2026-08-16 23:16:00, 2026-08-16 23:17:00}|sensor_zona_5|26.948888888888884|80.5             |
+------------------------------------------+-------------+------------------+-----------------+

